customer_id,full_name,phone_number,home_city,segment,join_date,tenure_months,avg_monthly_topup_idr,device_changes_last_12mo
CUST10000,"Balidin Dongoran, S.T.",080227680402,Malang,Prepaid,2025-08-05,11,41000,0
CUST10001,Darmana Mandala,080165258086,Yogyakarta,Postpaid,2026-06-01,1,98000,1
CUST10002,"Ciaobella Wastuti, M.Pd",081930086875,Makassar,Prepaid,2024-02-12,29,66000,0
CUST10003,Lantar Anggraini,085868570220,Palembang,Prepaid,2026-03-03,4,107000,0
CUST10004,Among Iswahyudi,083481367606,Medan,Prepaid,2025-02-06,17,16000,1
CUST10005,Daruna Mayasari,081396568720,Yogyakarta,Postpaid,2025-11-03,8,63000,0
CUST10006,Cut Putri Napitupulu,082298363942,Makassar,Prepaid,2025-05-07,14,60000,0
CUST10007,"Sadina Palastri, S.Farm",085745391478,Medan,Postpaid,2024-10-09,21,109000,0
CUST10008,Ikin Rahmawati,087403959807,Surabaya,Postpaid,2024-09-09,22,61000,0
CUST10009,Yessi Ardianto,087732107797,Malang,Postpaid,2024-04-12,27,123000,0
CUST10010,"KH. Capa Anggraini, S.Psi",088266175750,Yogyakarta,Prepaid,2026-04-02,3,64000,1
CUST10011,Eva Pratama,080988308904,Makassar,Prepaid,2024-05-12,26,85000,0
CUST10012,"Tgk. Baktiono Iswahyudi, S.Sos",087145284257,Bandung,Postpaid,2025-02-06,17,32000,4
CUST10013,Gatot Situmorang,083638420055,Medan,Prepaid,2021-06-27,61,93000,0
CUST10014,Tgk. Yani Gunawan,087000352457,Jakarta,Prepaid,2026-02-01,5,80000,0
CUST10015,"Michelle Nasyiah, S.IP",084781044476,Balikpapan,Postpaid,2025-12-03,7,73000,1
CUST10016,Cindy Puspasari,080781151148,Malang,Prepaid,2025-12-03,7,40000,1
CUST10017,Yance Utami,088806500724,Bandung,Prepaid,2017-12-15,104,90000,1
CUST10018,dr. Ratih Nababan,088910397267,Denpasar,Postpaid,2026-06-01,1,108000,2
CUST10019,"Betania Gunawan, S.H.",081295570558,Yogyakarta,Prepaid,2025-09-04,10,121000,0
CUST10020,"T. Bahuwirya Pradipta, S.IP",089015621825,Surabaya,Prepaid,2022-08-21,47,25000,0
CUST10021,Indah Hasanah,084559272362,Balikpapan,Prepaid,2025-11-03,8,129000,0
CUST10022,"Rafid Utama, S.E.",080650551302,Makassar,Prepaid,2023-12-14,31,118000,0
CUST10023,Kamila Pranowo,084539856591,Semarang,Postpaid,2026-04-02,3,97000,1
CUST10024,"Emas Zulaika, S.Pt",081152672624,Surabaya,Prepaid,2024-12-08,19,84000,0
CUST10025,Hj. Ella Nasyidah,086803191475,Jakarta,Prepaid,2025-06-06,13,148000,0
CUST10026,"Hesti Marpaung, M.M.",089610354039,Bandung,Prepaid,2026-05-02,2,88000,0
CUST10027,Humaira Uyainah,082217846198,Jakarta,Prepaid,2025-02-06,17,73000,1
CUST10028,"Puti Prasetya, S.Psi",080739888271,Surabaya,Prepaid,2025-07-06,12,53000,0
CUST10029,"Cut Ghaliyati Firmansyah, S.Psi",082843720138,Jakarta,Prepaid,2025-11-03,8,115000,0
CUST10030,Hasna Haryanto,086395919192,Semarang,Prepaid,2021-04-28,63,105000,2
CUST10031,Vino Purnawati,084736535270,Bandung,Postpaid,2022-02-22,53,131000,0
CUST10032,"Iriana Prabowo, M.Kom.",083063387334,Yogyakarta,Postpaid,2023-04-18,39,73000,0
CUST10033,Syahrini Haryanti,085163715483,Palembang,Prepaid,2026-01-02,6,112000,0
CUST10034,Eman Mandala,087634657976,Medan,Prepaid,2023-03-19,40,10000,0
CUST10035,Panca Purwanti,086609238109,Semarang,Postpaid,2026-04-02,3,99000,0
CUST10036,T. Pangeran Padmasari,084857331688,Balikpapan,Prepaid,2020-11-29,68,94000,1
CUST10037,Restu Wacana,082864591145,Bandung,Prepaid,2019-07-08,85,10000,1
CUST10038,Gawati Mandala,083748849418,Yogyakarta,Postpaid,2025-03-08,16,42000,0
CUST10039,drg. Bakijan Hardiansyah,087827424723,Denpasar,Prepaid,2024-09-09,22,45000,0
CUST10040,"Puti Eva Utami, S.E.",081267045424,Yogyakarta,Prepaid,2026-06-01,1,104000,0
CUST10041,"Ir. Indra Riyanti, S.Pt",088730378947,Balikpapan,Prepaid,2026-04-02,3,75000,0
CUST10042,Kezia Riyanti,088424367789,Yogyakarta,Postpaid,2018-03-15,101,116000,1
CUST10043,Paris Ramadan,080350614032,Balikpapan,Postpaid,2023-12-14,31,39000,0
CUST10044,Dt. Maman Latupono,087378200593,Makassar,Prepaid,2024-07-11,24,108000,0
CUST10045,"Timbul Nasyiah, S.T.",087679101165,Malang,Prepaid,2022-12-19,43,173000,0
CUST10046,"Ir. Ganep Kusumo, S.Pd",086716718910,Medan,Prepaid,2026-03-03,4,89000,1
CUST10047,Endah Hasanah,086937066178,Semarang,Postpaid,2025-02-06,17,65000,0
CUST10048,Xanana Saptono,087505606044,Balikpapan,Prepaid,2024-07-11,24,106000,0
CUST10049,KH. Cemani Mayasari,086874792854,Palembang,Prepaid,2021-01-28,66,48000,0
CUST10050,Tedi Utami,082880824630,Palembang,Postpaid,2025-09-04,10,71000,1
CUST10051,Zaenab Uyainah,084322585512,Makassar,Postpaid,2024-12-08,19,107000,0
CUST10052,Drs. Dalimin Mangunsong,085247402426,Palembang,Prepaid,2026-01-02,6,95000,0
CUST10053,Vanesa Marpaung,085395343273,Makassar,Prepaid,2025-09-04,10,116000,3
CUST10054,KH. Virman Nuraini,089617257598,Pekanbaru,Postpaid,2024-07-11,24,94000,0
CUST10055,Liman Sinaga,083371002967,Semarang,Postpaid,2026-05-02,2,119000,1
CUST10056,Anita Kusumo,085441094840,Bandung,Prepaid,2026-03-03,4,160000,1
CUST10057,Yance Samosir,081890254567,Malang,Prepaid,2024-02-12,29,104000,0
CUST10058,Asmianto Permadi,089254509076,Palembang,Prepaid,2025-10-04,9,116000,2
CUST10059,Puti Chelsea Laksita,081100452277,Semarang,Prepaid,2026-05-02,2,136000,0
CUST10060,"Puti Vanya Nasyidah, S.E.I",086976694569,Denpasar,Prepaid,2025-12-03,7,120000,1
CUST10061,Maryanto Kusmawati,080758944342,Surabaya,Prepaid,2025-03-08,16,75000,1
CUST10062,R.M. Eman Nuraini,084587602685,Yogyakarta,Prepaid,2026-02-01,5,46000,0
CUST10063,"Ir. Lintang Prabowo, M.Pd",085715429489,Jakarta,Prepaid,2024-07-11,24,124000,0
CUST10064,"H. Muhammad Pangestu, S.Pd",084311446470,Denpasar,Prepaid,2020-12-29,67,80000,3
CUST10065,Salsabila Yulianti,082178808405,Bandung,Prepaid,2025-08-05,11,115000,1
CUST10066,Maida Maryati,086725946196,Balikpapan,Prepaid,2026-03-03,4,113000,1
CUST10067,Devi Prayoga,083042819619,Medan,Postpaid,2026-05-02,2,89000,2
CUST10068,Atma Sirait,087444411571,Semarang,Postpaid,2025-02-06,17,99000,1
CUST10069,Lanjar Puspasari,087837207856,Bandung,Prepaid,2025-09-04,10,107000,0
CUST10070,Lanjar Prasetya,085355431652,Surabaya,Prepaid,2023-04-18,39,97000,1
CUST10071,Bagus Usamah,083493976191,Palembang,Prepaid,2025-03-08,16,95000,1
CUST10072,Dartono Hidayat,088845474614,Balikpapan,Prepaid,2024-02-12,29,94000,0
CUST10073,Satya Sitompul,086303659684,Semarang,Prepaid,2025-08-05,11,92000,0
CUST10074,Kamidin Prakasa,086262209771,Yogyakarta,Prepaid,2024-11-08,20,83000,0
CUST10075,Salsabila Laksita,089072315571,Surabaya,Prepaid,2025-11-03,8,64000,1
CUST10076,Kayun Mustofa,088629142208,Bandung,Postpaid,2026-06-01,1,66000,0
CUST10077,"Queen Permata, M.Kom.",081435642813,Semarang,Postpaid,2025-02-06,17,129000,1
CUST10078,Purwanto Kusmawati,082559296256,Denpasar,Prepaid,2024-08-10,23,181000,1
CUST10079,"dr. Dadap Kuswoyo, S.IP",089789728212,Pekanbaru,Prepaid,2019-03-10,89,159000,0
CUST10080,"Irfan Thamrin, S.Farm",086963457027,Pekanbaru,Postpaid,2025-10-04,9,59000,0
CUST10081,Nadia Habibi,081595982848,Surabaya,Postpaid,2026-06-01,1,119000,0
CUST10082,"Martani Yuliarti, S.IP",088407266385,Pekanbaru,Prepaid,2020-02-03,78,105000,0
CUST10083,Hadi Sirait,080546658912,Bandung,Prepaid,2026-03-03,4,120000,0
CUST10084,"R. Drajat Nababan, S.Kom",088592089341,Jakarta,Postpaid,2026-01-02,6,156000,1
CUST10085,drg. Cahyono Anggraini,089125339655,Jakarta,Prepaid,2020-06-02,74,101000,1
CUST10086,Estiawan Hariyah,088686926242,Pekanbaru,Postpaid,2024-09-09,22,24000,0
CUST10087,Taufan Hutagalung,089396029980,Makassar,Prepaid,2023-09-15,34,66000,0
CUST10088,Yani Pudjiastuti,089039728558,Medan,Postpaid,2026-05-02,2,103000,0
CUST10089,Asirwanda Yulianti,087752995718,Medan,Prepaid,2026-05-02,2,116000,0
CUST10090,Dt. Bakiman Prakasa,083750214104,Surabaya,Prepaid,2025-04-07,15,75000,0
CUST10091,Hasim Laksita,085426796360,Makassar,Postpaid,2024-09-09,22,35000,1
CUST10092,Gabriella Wacana,084174831165,Denpasar,Prepaid,2025-08-05,11,87000,2
CUST10093,Catur Wibowo,083525471685,Pekanbaru,Prepaid,2026-06-01,1,179000,1
CUST10094,Harsaya Saptono,084234404631,Medan,Prepaid,2024-10-09,21,90000,0
CUST10095,"KH. Jaeman Suwarno, S.Farm",080047310956,Denpasar,Prepaid,2024-07-11,24,111000,0
CUST10096,"Uchita Puspita, M.Kom.",088949023151,Palembang,Prepaid,2025-01-07,18,79000,2
CUST10097,Dadap Sihombing,088351224576,Denpasar,Postpaid,2026-06-01,1,109000,0
CUST10098,Asmianto Prastuti,080982173308,Malang,Postpaid,2026-06-01,1,96000,0
CUST10099,"Puput Halim, S.Psi",080790534133,Balikpapan,Prepaid,2025-10-04,9,60000,1
CUST10100,Asirwanda Padmasari,080016626442,Balikpapan,Postpaid,2023-03-19,40,60000,1
CUST10101,Olivia Nuraini,083165532902,Yogyakarta,Prepaid,2022-05-23,50,71000,2
CUST10102,Asmianto Melani,087214415256,Medan,Postpaid,2026-03-03,4,115000,1
CUST10103,Soleh Nashiruddin,083744034462,Makassar,Prepaid,2025-08-05,11,109000,1
CUST10104,Legawa Hidayat,089194634144,Palembang,Prepaid,2021-03-29,64,76000,2
CUST10105,"Setya Prakasa, S.Sos",088727065173,Bandung,Prepaid,2021-12-24,55,129000,0
CUST10106,Wardaya Purnawati,082116761747,Malang,Postpaid,2023-01-18,42,112000,0
CUST10107,Labuh Riyanti,086869393446,Balikpapan,Prepaid,2026-06-01,1,73000,1
CUST10108,Lukman Hutapea,080534080886,Semarang,Postpaid,2025-10-04,9,161000,0
CUST10109,Sakura Padmasari,084578486341,Yogyakarta,Prepaid,2025-11-03,8,128000,0
CUST10110,Drs. Iriana Rajata,081837512445,Jakarta,Prepaid,2024-05-12,26,116000,1
CUST10111,Mulyono Sihotang,083243576006,Surabaya,Prepaid,2025-03-08,16,112000,0
CUST10112,Eman Widodo,087698351396,Semarang,Prepaid,2024-12-08,19,124000,0
CUST10113,Mumpuni Yuliarti,085933786876,Palembang,Postpaid,2026-05-02,2,79000,0
CUST10114,Michelle Sihotang,086433129421,Yogyakarta,Prepaid,2023-09-15,34,52000,0
CUST10115,"R. Adika Haryanti, M.Ak",088178803713,Bandung,Prepaid,2024-03-13,28,95000,0
CUST10116,Puti Belinda Nasyiah,088781446242,Surabaya,Postpaid,2023-02-17,41,66000,0
CUST10117,Jono Saptono,082297916547,Pekanbaru,Prepaid,2018-01-14,103,94000,0
CUST10118,Wardi Tampubolon,085988126851,Palembang,Postpaid,2025-08-05,11,56000,1
CUST10119,Tasnim Prasasta,082729149243,Yogyakarta,Prepaid,2025-06-06,13,76000,1
CUST10120,Intan Manullang,080529309867,Jakarta,Prepaid,2025-03-08,16,84000,0
CUST10121,Zahra Palastri,082861740028,Surabaya,Prepaid,2026-04-02,3,73000,0
CUST10122,"Ilsa Suryatmi, M.TI.",085123047419,Yogyakarta,Postpaid,2024-06-11,25,106000,1
CUST10123,Mulyanto Puspasari,080521462460,Balikpapan,Postpaid,2025-11-03,8,146000,1
CUST10124,Salimah Jailani,089575080337,Makassar,Prepaid,2020-01-04,79,94000,0
CUST10125,Eman Latupono,083767730581,Makassar,Prepaid,2024-12-08,19,86000,1
CUST10126,Paiman Puspasari,089411790278,Malang,Prepaid,2024-08-10,23,68000,1
CUST10127,Empluk Suryono,085952713783,Makassar,Prepaid,2021-12-24,55,159000,0
CUST10128,R.A. Tina Siregar,084449316372,Bandung,Prepaid,2025-12-03,7,173000,0
CUST10129,Mahfud Usada,080685306364,Bandung,Prepaid,2026-02-01,5,53000,0
CUST10130,"Tgk. Ophelia Lestari, S.T.",083083929906,Pekanbaru,Prepaid,2025-09-04,10,55000,3
CUST10131,"Cut Cornelia Usada, S.Farm",088691670073,Makassar,Postpaid,2025-11-03,8,91000,2
CUST10132,"Tgk. Aurora Adriansyah, S.Psi",080143401332,Palembang,Postpaid,2021-09-25,58,115000,0
CUST10133,"R.M. Makuta Saptono, S.E.",087435224929,Bandung,Prepaid,2021-03-29,64,144000,1
CUST10134,"Maimunah Puspasari, S.Farm",081848406833,Denpasar,Postpaid,2026-06-01,1,132000,1
CUST10135,Dt. Balidin Hutagalung,085887967512,Bandung,Postpaid,2024-10-09,21,66000,0
CUST10136,"Eka Palastri, S.Gz",087053856039,Surabaya,Postpaid,2019-08-07,84,96000,0
CUST10137,"dr. Restu Puspasari, S.E.I",085780964638,Pekanbaru,Prepaid,2025-07-06,12,96000,0
CUST10138,Dian Gunarto,081949011137,Yogyakarta,Postpaid,2026-06-01,1,95000,3
CUST10139,Karimah Gunarto,088826513551,Makassar,Postpaid,2020-10-30,69,97000,1
CUST10140,Fathonah Zulaika,081693908097,Balikpapan,Postpaid,2025-05-07,14,30000,1
CUST10141,Mulyanto Jailani,087464629486,Semarang,Postpaid,2025-09-04,10,106000,0
CUST10142,Victoria Purwanti,080044263778,Semarang,Prepaid,2024-05-12,26,147000,0
CUST10143,"drg. Raina Mangunsong, S.H.",087512141098,Palembang,Postpaid,2022-10-20,45,90000,1
CUST10144,"R. Wirda Nugroho, S.Farm",089989711948,Palembang,Postpaid,2022-05-23,50,44000,0
CUST10145,Cemani Sitorus,080342502586,Denpasar,Prepaid,2023-10-15,33,74000,1
CUST10146,"dr. Rama Winarsih, S.H.",080112340053,Semarang,Postpaid,2026-02-01,5,127000,0
CUST10147,Endah Kurniawan,083458661039,Semarang,Prepaid,2025-06-06,13,15000,1
CUST10148,Ani Halimah,087155013446,Yogyakarta,Prepaid,2025-02-06,17,66000,1
CUST10149,Daliono Haryanti,083619723857,Yogyakarta,Postpaid,2020-08-31,71,138000,0
CUST10150,Ina Pradana,088369577604,Semarang,Prepaid,2021-05-28,62,17000,0
CUST10151,Ajiono Wahyuni,085751668160,Malang,Postpaid,2018-11-10,93,83000,0
CUST10152,Heru Sitompul,081444256487,Pekanbaru,Prepaid,2025-10-04,9,33000,0
CUST10153,Zelaya Hidayat,085594394556,Pekanbaru,Postpaid,2026-04-02,3,112000,0
CUST10154,"T. Gara Yuniar, M.TI.",086125292227,Pekanbaru,Prepaid,2026-04-02,3,100000,0
CUST10155,Shania Nasyiah,083972163989,Makassar,Prepaid,2025-09-04,10,47000,1
CUST10156,Ana Latupono,080909672825,Surabaya,Prepaid,2024-05-12,26,67000,0
CUST10157,Elma Prastuti,081720922134,Semarang,Postpaid,2026-03-03,4,66000,0
CUST10158,Ani Kurniawan,080594984193,Malang,Postpaid,2026-03-03,4,28000,0
CUST10159,drg. Jelita Sihotang,089055799181,Malang,Prepaid,2025-03-08,16,77000,1
CUST10160,Rachel Melani,087178202693,Jakarta,Prepaid,2023-05-18,38,57000,2
CUST10161,Harsana Permata,085815283767,Denpasar,Postpaid,2025-12-03,7,94000,2
CUST10162,Dodo Gunawan,087571888506,Jakarta,Prepaid,2026-02-01,5,74000,1
CUST10163,"Maya Adriansyah, M.TI.",084903423552,Surabaya,Postpaid,2025-05-07,14,10000,1
CUST10164,"Dr. Mahfud Winarsih, S.Kom",080134587319,Makassar,Postpaid,2026-01-02,6,108000,0
CUST10165,Mala Hidayat,086211764545,Semarang,Prepaid,2025-01-07,18,97000,0
CUST10166,"Viman Sitompul, M.Ak",087657553918,Malang,Postpaid,2025-05-07,14,21000,0
CUST10167,Salimah Maheswara,085135125058,Yogyakarta,Postpaid,2025-08-05,11,93000,0
CUST10168,"Ifa Mayasari, S.Pd",085404873875,Denpasar,Postpaid,2025-10-04,9,59000,0
CUST10169,"Hasan Simbolon, S.Sos",083099090477,Jakarta,Prepaid,2022-02-22,53,42000,1
CUST10170,"Ida Puspasari, S.E.I",083849309818,Pekanbaru,Prepaid,2023-06-17,37,50000,0
CUST10171,Imam Widiastuti,089319879474,Bandung,Postpaid,2024-10-09,21,85000,1
CUST10172,Shania Natsir,082329718478,Palembang,Postpaid,2026-04-02,3,50000,1
CUST10173,Ir. Ilsa Waskita,082105707422,Jakarta,Postpaid,2025-09-04,10,30000,2
CUST10174,Dt. Gadang Suwarno,085287356331,Jakarta,Postpaid,2026-05-02,2,67000,0
CUST10175,Irfan Prastuti,082309896449,Malang,Postpaid,2026-03-03,4,60000,0
CUST10176,Hj. Janet Hastuti,087341374837,Malang,Prepaid,2026-03-03,4,10000,1
CUST10177,Maimunah Wulandari,085951226980,Denpasar,Prepaid,2025-07-06,12,112000,3
CUST10178,Kajen Kusmawati,080360085622,Pekanbaru,Postpaid,2026-03-03,4,106000,1
CUST10179,"KH. Oman Narpati, S.Pt",089099194262,Makassar,Prepaid,2025-12-03,7,93000,1
CUST10180,Oliva Wijayanti,083246338487,Medan,Postpaid,2025-10-04,9,96000,0
CUST10181,"Lukman Sitorus, S.Pt",083452129541,Makassar,Postpaid,2026-05-02,2,10000,1
CUST10182,"R.A. Samiah Saragih, S.H.",083846628964,Makassar,Postpaid,2024-11-08,20,82000,0
CUST10183,"Sutan Cakrajiya Dongoran, S.Gz",081749560089,Surabaya,Prepaid,2026-06-01,1,37000,0
CUST10184,Jaswadi Suryatmi,087482705366,Malang,Prepaid,2026-04-02,3,125000,0
CUST10185,"Puti Mutia Agustina, M.Farm",086054075256,Balikpapan,Prepaid,2024-04-12,27,62000,1
CUST10186,Nasim Winarno,081011582334,Palembang,Postpaid,2025-04-07,15,14000,3
CUST10187,Lalita Prasasta,089268687035,Balikpapan,Postpaid,2023-12-14,31,44000,1
CUST10188,Marwata Ardianto,087086399892,Jakarta,Prepaid,2026-06-01,1,105000,1
CUST10189,"KH. Timbul Kurniawan, S.Farm",084009850939,Pekanbaru,Postpaid,2023-05-18,38,148000,0
CUST10190,Cecep Maryati,087730128383,Balikpapan,Postpaid,2026-03-03,4,101000,1
CUST10191,Alika Puspita,087607302066,Pekanbaru,Postpaid,2025-09-04,10,68000,1
CUST10192,Vero Maheswara,089367425315,Balikpapan,Prepaid,2023-03-19,40,10000,0
CUST10193,Diana Hariyah,087220237133,Palembang,Prepaid,2025-11-03,8,45000,1
CUST10194,"Karta Purwanti, M.Ak",089471045510,Bandung,Prepaid,2026-01-02,6,75000,0
CUST10195,Usyi Handayani,085780477592,Yogyakarta,Prepaid,2021-11-24,56,118000,1
CUST10196,Drs. Maria Pudjiastuti,086122112273,Yogyakarta,Postpaid,2020-12-29,67,26000,0
CUST10197,Endah Kusmawati,085113936833,Medan,Prepaid,2023-06-17,37,131000,1
CUST10198,Hana Prayoga,081392399264,Malang,Postpaid,2022-02-22,53,66000,0
CUST10199,"Hj. Ika Nurdiyanti, M.Kom.",083273919170,Balikpapan,Postpaid,2026-01-02,6,101000,1
CUST10200,"Digdaya Saefullah, M.M.",089278087613,Pekanbaru,Prepaid,2024-11-08,20,104000,0
CUST10201,Nasab Suwarno,087709445965,Semarang,Postpaid,2023-02-17,41,98000,0
CUST10202,Empluk Sitorus,085912616566,Makassar,Postpaid,2022-11-19,44,74000,1
CUST10203,Puput Hutapea,081027562346,Makassar,Prepaid,2026-01-02,6,46000,1
CUST10204,Cakrawangsa Pradipta,081942908733,Pekanbaru,Postpaid,2024-07-11,24,102000,0
CUST10205,Talia Mangunsong,084446338186,Medan,Postpaid,2025-09-04,10,160000,0
CUST10206,"Gabriella Haryanto, S.Farm",089755344761,Malang,Postpaid,2021-10-25,57,14000,0
CUST10207,Julia Namaga,083784402277,Malang,Prepaid,2020-09-30,70,145000,0
CUST10208,Lidya Halim,087531164933,Balikpapan,Prepaid,2024-10-09,21,183000,0
CUST10209,Rafi Andriani,081341689563,Palembang,Postpaid,2022-06-22,49,90000,1
CUST10210,Vera Padmasari,081313554459,Medan,Prepaid,2024-03-13,28,94000,0
CUST10211,"Ayu Permata, S.Sos",081218689413,Surabaya,Postpaid,2024-11-08,20,103000,1
CUST10212,Agnes Thamrin,086447415720,Yogyakarta,Postpaid,2023-11-14,32,45000,2
CUST10213,Umi Wibisono,082757455259,Medan,Postpaid,2021-07-27,60,80000,1
CUST10214,"drg. Paulin Palastri, M.Ak",087424762802,Yogyakarta,Prepaid,2024-10-09,21,61000,0
CUST10215,Jinawi Prasetya,088182768646,Bandung,Prepaid,2023-05-18,38,80000,0
CUST10216,Maya Laksita,088555192595,Medan,Postpaid,2025-10-04,9,119000,1
CUST10217,Harsaya Sirait,081740267113,Malang,Prepaid,2025-09-04,10,10000,1
CUST10218,"Mustika Waskita, S.E.",084524468052,Medan,Prepaid,2026-01-02,6,40000,0
CUST10219,"Dr. Dian Oktaviani, M.Pd",089307774630,Makassar,Prepaid,2025-03-08,16,79000,0
CUST10220,Umaya Wijaya,082422835543,Yogyakarta,Prepaid,2021-08-26,59,128000,1
CUST10221,Ir. Salimah Dongoran,080680914949,Malang,Prepaid,2024-05-12,26,11000,0
CUST10222,Margana Aryani,081926239133,Surabaya,Prepaid,2020-03-04,77,74000,0
CUST10223,Sakti Hariyah,084002055403,Pekanbaru,Postpaid,2015-03-01,138,41000,0
CUST10224,Asirwanda Rajata,086420813238,Bandung,Prepaid,2024-10-09,21,86000,0
CUST10225,Jane Prabowo,080561327964,Surabaya,Postpaid,2022-01-23,54,84000,0
CUST10226,Jane Sirait,088117347262,Medan,Prepaid,2026-02-01,5,84000,1
CUST10227,"dr. Estiawan Andriani, S.T.",087290882613,Balikpapan,Postpaid,2023-08-16,35,63000,0
CUST10228,"Puti Nadine Budiyanto, M.Pd",087723260803,Malang,Prepaid,2025-02-06,17,10000,1
CUST10229,Wawan Tampubolon,083845149050,Makassar,Postpaid,2026-03-03,4,35000,2
CUST10230,Martaka Hidayat,089932774465,Medan,Prepaid,2025-12-03,7,41000,0
CUST10231,"Ir. Arta Dabukke, S.H.",080099135766,Surabaya,Prepaid,2026-03-03,4,155000,1
CUST10232,Salman Damanik,087800446377,Semarang,Prepaid,2026-06-01,1,57000,1
CUST10233,R. Halima Mahendra,087719577117,Bandung,Prepaid,2026-05-02,2,56000,1
CUST10234,Salsabila Latupono,087082075043,Semarang,Prepaid,2024-06-11,25,71000,0
CUST10235,R.A. Nadia Rajasa,081178617080,Denpasar,Postpaid,2024-01-13,30,76000,2
CUST10236,"Tgk. Caturangga Sudiati, M.Ak",083919087622,Jakarta,Prepaid,2024-05-12,26,59000,1
CUST10237,"Tina Latupono, S.E.",082035918990,Pekanbaru,Prepaid,2026-05-02,2,48000,0
CUST10238,Cici Prastuti,087304327723,Denpasar,Prepaid,2026-06-01,1,98000,0
CUST10239,Wisnu Saragih,087571905660,Denpasar,Postpaid,2022-02-22,53,35000,1
CUST10240,Hj. Keisha Widodo,087373294991,Makassar,Prepaid,2025-12-03,7,138000,0
CUST10241,"Faizah Hutagalung, M.Farm",080284847556,Semarang,Prepaid,2024-08-10,23,15000,0
CUST10242,"Yance Utami, S.H.",085061289383,Palembang,Prepaid,2024-12-08,19,15000,2
CUST10243,Mursinin Sihombing,082917114313,Denpasar,Prepaid,2022-07-22,48,63000,0
CUST10244,"Hj. Rahayu Lazuardi, M.Farm",083211686083,Medan,Prepaid,2022-02-22,53,72000,0
CUST10245,"Dt. Ganjaran Nasyidah, S.Farm",089302819855,Bandung,Postpaid,2025-12-03,7,139000,0
CUST10246,"Hairyanto Hidayat, M.TI.",081710721469,Bandung,Prepaid,2024-07-11,24,60000,2
CUST10247,"Ganep Budiman, S.Farm",085909168088,Bandung,Postpaid,2026-03-03,4,68000,0
CUST10248,"Dr. Cici Astuti, S.I.Kom",089094743439,Bandung,Prepaid,2026-06-01,1,20000,1
CUST10249,"Tri Haryanti, S.E.I",084166648403,Semarang,Prepaid,2023-01-18,42,107000,0
CUST10250,Elma Nurdiyanti,086729503747,Palembang,Postpaid,2026-06-01,1,95000,1
CUST10251,"Emong Susanti, M.Pd",085313287095,Makassar,Postpaid,2026-03-03,4,124000,1
CUST10252,"drg. Jaka Fujiati, M.Farm",089162890928,Balikpapan,Postpaid,2025-08-05,11,60000,0
CUST10253,Janet Prasasta,089912373573,Palembang,Prepaid,2023-11-14,32,86000,0
CUST10254,"Puti Indah Hartati, S.H.",081988951006,Balikpapan,Postpaid,2024-09-09,22,61000,0
CUST10255,"drg. Kairav Suryatmi, S.Sos",084368318801,Jakarta,Postpaid,2025-09-04,10,29000,1
CUST10256,Ana Lailasari,087889393131,Pekanbaru,Postpaid,2024-11-08,20,168000,2
CUST10257,"dr. Elvina Laksita, S.Kom",087961969725,Surabaya,Prepaid,2026-06-01,1,73000,0
CUST10258,Wirda Rajata,083617993990,Surabaya,Prepaid,2024-10-09,21,85000,1
CUST10259,Indah Riyanti,089925917291,Balikpapan,Prepaid,2023-08-16,35,59000,0
CUST10260,"Ika Puspita, S.Ked",084220210379,Bandung,Prepaid,2026-06-01,1,84000,1
CUST10261,Sutan Bakiadi Permadi,088338757247,Palembang,Prepaid,2026-01-02,6,156000,2
CUST10262,"Laila Lestari, M.Pd",080213810993,Jakarta,Prepaid,2025-12-03,7,14000,0
CUST10263,"Sutan Muhammad Kusmawati, M.Kom.",087466403945,Balikpapan,Prepaid,2021-08-26,59,131000,0
CUST10264,Widya Budiyanto,082220581342,Pekanbaru,Postpaid,2020-08-01,72,32000,0
CUST10265,Emil Prasetya,084026941748,Malang,Postpaid,2022-06-22,49,76000,2
CUST10266,Talia Prasasta,086333104285,Semarang,Prepaid,2024-03-13,28,67000,0
CUST10267,Salimah Prastuti,080359558845,Surabaya,Prepaid,2026-01-02,6,110000,2
CUST10268,Nabila Puspasari,088409759866,Denpasar,Postpaid,2024-02-12,29,118000,0
CUST10269,Tgk. Irwan Pudjiastuti,081998149496,Bandung,Prepaid,2024-03-13,28,90000,0
CUST10270,Kamila Hasanah,083780558590,Balikpapan,Prepaid,2021-06-27,61,130000,1
CUST10271,Ina Ramadan,085711559117,Pekanbaru,Postpaid,2023-01-18,42,82000,0
CUST10272,Banawa Nababan,088826541466,Semarang,Postpaid,2024-10-09,21,68000,0
CUST10273,Devi Nasyiah,083860423373,Palembang,Prepaid,2024-03-13,28,73000,0
CUST10274,"H. Cengkal Nababan, S.Kom",089237737604,Denpasar,Prepaid,2024-01-13,30,78000,0
CUST10275,"Novi Saefullah, M.Farm",087885135188,Palembang,Prepaid,2023-06-17,37,67000,0
CUST10276,"Dr. Lembah Suryono, S.IP",081882497285,Jakarta,Postpaid,2024-08-10,23,96000,0
CUST10277,"R.A. Ida Pradana, S.I.Kom",086244945382,Malang,Prepaid,2026-06-01,1,121000,1
CUST10278,Gada Budiman,082315986624,Pekanbaru,Prepaid,2022-06-22,49,114000,2
CUST10279,"Patricia Mahendra, S.T.",084118269772,Jakarta,Prepaid,2023-09-15,34,87000,0
CUST10280,Asmadi Puspasari,084235650998,Palembang,Prepaid,2025-04-07,15,122000,2
CUST10281,Tami Mahendra,086210968278,Yogyakarta,Postpaid,2025-06-06,13,98000,1
CUST10282,"Taswir Lestari, S.IP",081788866676,Semarang,Postpaid,2026-05-02,2,31000,0
CUST10283,"Cut Queen Suryono, M.Kom.",089475983766,Semarang,Prepaid,2026-01-02,6,48000,0
CUST10284,Maida Siregar,085888101287,Denpasar,Prepaid,2026-06-01,1,84000,0
CUST10285,Aslijan Ramadan,086228483541,Surabaya,Prepaid,2024-04-12,27,94000,0
CUST10286,"Dr. Calista Haryanto, S.Sos",085641165481,Jakarta,Postpaid,2020-08-31,71,124000,1
CUST10287,Belinda Permata,084594377461,Medan,Prepaid,2024-09-09,22,76000,0
CUST10288,"Mahfud Habibi, S.E.I",080271747066,Malang,Prepaid,2017-03-20,113,132000,0
CUST10289,Rosman Pratiwi,089301303816,Palembang,Prepaid,2026-01-02,6,150000,0
CUST10290,Chelsea Prayoga,082831530094,Malang,Postpaid,2026-02-01,5,107000,0
CUST10291,Kalim Agustina,085461947198,Yogyakarta,Postpaid,2026-06-01,1,60000,4
CUST10292,Ir. Widya Safitri,082920517736,Jakarta,Postpaid,2025-07-06,12,117000,0
CUST10293,Prayoga Nurdiyanti,080966064354,Yogyakarta,Postpaid,2023-03-19,40,127000,0
CUST10294,Mila Handayani,086636626181,Surabaya,Postpaid,2026-01-02,6,179000,1
CUST10295,Zelda Rahmawati,081111125272,Pekanbaru,Postpaid,2022-05-23,50,123000,0
CUST10296,Ina Purnawati,084293069861,Jakarta,Postpaid,2026-04-02,3,96000,1
CUST10297,Cut Rahmi Januar,080796492088,Bandung,Postpaid,2026-05-02,2,98000,0
CUST10298,"Sutan Luis Prabowo, S.T.",088370708613,Semarang,Prepaid,2025-08-05,11,120000,0
CUST10299,"Bajragin Manullang, S.H.",082733144864,Denpasar,Postpaid,2026-05-02,2,47000,0
CUST10300,Kusuma Hutagalung,081609145861,Palembang,Postpaid,2024-04-12,27,10000,1
CUST10301,Ade Wasita,086887844840,Palembang,Prepaid,2025-09-04,10,50000,1
CUST10302,Shakila Riyanti,080857729856,Malang,Prepaid,2025-12-03,7,95000,2
CUST10303,Icha Firmansyah,084746618860,Balikpapan,Prepaid,2024-02-12,29,97000,2
CUST10304,Edward Suryono,088880429026,Surabaya,Postpaid,2024-08-10,23,59000,2
CUST10305,"Zelda Hasanah, S.Pt",080450439704,Palembang,Postpaid,2023-02-17,41,104000,0
CUST10306,"Daruna Saptono, M.Farm",085879685643,Jakarta,Postpaid,2025-10-04,9,57000,2
CUST10307,"Rangga Napitupulu, S.Farm",088375734060,Jakarta,Postpaid,2026-06-01,1,105000,0
CUST10308,Kenari Prasetyo,085318487421,Makassar,Prepaid,2024-08-10,23,86000,0
CUST10309,"Cakrawala Santoso, S.E.I",082813706618,Bandung,Prepaid,2024-07-11,24,89000,0
CUST10310,Asmuni Marbun,089145098459,Denpasar,Postpaid,2023-07-17,36,96000,0
CUST10311,"T. Legawa Purnawati, S.Pd",081816638466,Surabaya,Postpaid,2020-01-04,79,69000,0
CUST10312,Dewi Hastuti,083328168585,Medan,Prepaid,2024-07-11,24,92000,0
CUST10313,"Ilsa Waskita, S.T.",086262369695,Makassar,Postpaid,2025-11-03,8,101000,1
CUST10314,Dr. Jumadi Farida,087755976858,Pekanbaru,Prepaid,2024-11-08,20,133000,0
CUST10315,Liman Gunarto,085016171228,Palembang,Prepaid,2022-06-22,49,24000,3
CUST10316,Unjani Sinaga,082534665263,Pekanbaru,Prepaid,2023-09-15,34,80000,1
CUST10317,Tgk. Aisyah Iswahyudi,086034769072,Yogyakarta,Prepaid,2025-05-07,14,10000,0
CUST10318,Yono Wulandari,089767567921,Denpasar,Postpaid,2014-12-31,140,27000,0
CUST10319,"Ir. Rini Damanik, S.T.",081153451523,Malang,Prepaid,2023-05-18,38,10000,1
CUST10320,Cut Vanesa Natsir,080957683750,Pekanbaru,Postpaid,2026-05-02,2,130000,0
CUST10321,Padma Yulianti,085957154386,Pekanbaru,Prepaid,2020-08-01,72,137000,0
CUST10322,Indah Najmudin,082964576132,Makassar,Prepaid,2025-06-06,13,80000,1
CUST10323,drg. Siska Lestari,089208371270,Malang,Postpaid,2025-12-03,7,110000,1
CUST10324,Jarwadi Tampubolon,085542630097,Yogyakarta,Prepaid,2022-02-22,53,57000,0
CUST10325,Juli Sinaga,086262682887,Yogyakarta,Prepaid,2024-06-11,25,58000,0
CUST10326,"Bala Marpaung, S.Psi",087143007552,Palembang,Prepaid,2022-08-21,47,105000,0
CUST10327,Talia Lailasari,083640656675,Semarang,Prepaid,2022-07-22,48,84000,2
CUST10328,Salimah Wacana,083526629380,Pekanbaru,Prepaid,2023-09-15,34,47000,0
CUST10329,"Drs. Ani Hasanah, S.Pt",082778262898,Surabaya,Postpaid,2021-07-27,60,98000,1
CUST10330,Hafshah Sinaga,089081053502,Malang,Prepaid,2025-04-07,15,58000,0
CUST10331,Prasetyo Waskita,082981162165,Pekanbaru,Prepaid,2025-03-08,16,157000,0
CUST10332,"Drs. Yunita Adriansyah, M.Pd",084520074316,Jakarta,Postpaid,2024-11-08,20,119000,0
CUST10333,Laras Habibi,086934635533,Bandung,Prepaid,2025-05-07,14,59000,0
CUST10334,Karja Tarihoran,080227481784,Palembang,Postpaid,2026-06-01,1,67000,1
CUST10335,Dr. Sari Handayani,084160288176,Makassar,Prepaid,2024-03-13,28,10000,2
CUST10336,"Dt. Damu Santoso, M.Pd",088868572028,Pekanbaru,Prepaid,2025-04-07,15,74000,1
CUST10337,Wira Suwarno,086138581503,Yogyakarta,Prepaid,2025-03-08,16,69000,1
CUST10338,Tami Laksita,088861541969,Jakarta,Postpaid,2024-12-08,19,50000,0
CUST10339,Alambana Usamah,089072226573,Pekanbaru,Prepaid,2026-06-01,1,87000,0
CUST10340,R.A. Titin Manullang,080619627553,Denpasar,Prepaid,2025-07-06,12,93000,2
CUST10341,Puspa Budiman,085802924837,Palembang,Prepaid,2026-03-03,4,42000,0
CUST10342,dr. Bakiman Prasetyo,085110621371,Balikpapan,Prepaid,2024-07-11,24,157000,2
CUST10343,"Puti Malika Lazuardi, S.E.I",088744218005,Medan,Prepaid,2025-10-04,9,99000,1
CUST10344,Tina Siregar,086050219550,Surabaya,Postpaid,2022-01-23,54,138000,0
CUST10345,H. Empluk Agustina,089264424157,Pekanbaru,Prepaid,2024-07-11,24,93000,0
CUST10346,"Dr. Nadine Prasasta, M.M.",082734523128,Balikpapan,Postpaid,2023-12-14,31,59000,1
CUST10347,R.M. Harjo Nainggolan,088619585706,Yogyakarta,Prepaid,2019-03-10,89,66000,0
CUST10348,Drs. Ulva Mansur,088876530528,Balikpapan,Postpaid,2026-03-03,4,110000,0
CUST10349,"Puti Ika Agustina, S.Psi",085776014282,Palembang,Prepaid,2024-12-08,19,130000,1
CUST10350,"Dr. Emas Adriansyah, S.Pd",082070553284,Yogyakarta,Prepaid,2015-06-29,134,87000,0
CUST10351,"Ifa Rahmawati, M.Farm",084525569325,Bandung,Postpaid,2024-04-12,27,90000,0
CUST10352,"Jindra Maryadi, M.M.",081549573181,Yogyakarta,Prepaid,2026-06-01,1,75000,2
CUST10353,drg. Gangsar Sitorus,087915786603,Medan,Prepaid,2025-06-06,13,18000,0
CUST10354,KH. Kenari Waluyo,088846023679,Malang,Prepaid,2025-08-05,11,94000,0
CUST10355,Janet Nainggolan,086290714089,Palembang,Postpaid,2023-12-14,31,127000,0
CUST10356,"Halima Pertiwi, S.Sos",081756663690,Yogyakarta,Prepaid,2022-06-22,49,78000,0
CUST10357,Sabri Zulkarnain,083355700289,Semarang,Prepaid,2024-10-09,21,120000,1
CUST10358,Galiono Kusmawati,089261952410,Makassar,Prepaid,2024-08-10,23,140000,0
CUST10359,"Yessi Wibowo, S.Sos",089898856957,Semarang,Prepaid,2024-01-13,30,116000,1
CUST10360,"Prima Yulianti, S.E.I",086884237278,Makassar,Prepaid,2026-01-02,6,84000,0
CUST10361,Ani Mahendra,085082068094,Palembang,Prepaid,2022-06-22,49,132000,0
CUST10362,Drs. Gamblang Januar,088296941782,Makassar,Postpaid,2025-02-06,17,131000,0
CUST10363,"Dr. Cinthia Novitasari, M.M.",088371094089,Medan,Postpaid,2025-08-05,11,15000,1
CUST10364,Najam Megantara,086498849922,Denpasar,Prepaid,2024-06-11,25,129000,0
CUST10365,Safina Mangunsong,080745536196,Balikpapan,Postpaid,2019-08-07,84,57000,0
CUST10366,Jarwadi Saptono,086025362524,Denpasar,Prepaid,2026-01-02,6,10000,1
CUST10367,Sarah Widodo,083427382115,Balikpapan,Prepaid,2026-01-02,6,95000,1
CUST10368,"Bajragin Sitompul, M.Pd",087858187404,Medan,Prepaid,2026-03-03,4,119000,0
CUST10369,Jamalia Utami,085342800122,Surabaya,Postpaid,2022-11-19,44,134000,1
CUST10370,"Vanya Laksita, M.Pd",084335920189,Malang,Prepaid,2022-07-22,48,75000,0
CUST10371,Lasmanto Hidayat,085617364783,Medan,Postpaid,2026-06-01,1,77000,0
CUST10372,Laswi Suwarno,086118365801,Semarang,Prepaid,2021-01-28,66,114000,0
CUST10373,Pangeran Iswahyudi,083226248359,Medan,Prepaid,2025-03-08,16,82000,0
CUST10374,Cinthia Usada,081076970110,Palembang,Postpaid,2026-04-02,3,122000,0
CUST10375,"Cinthia Handayani, S.E.",080759160932,Denpasar,Postpaid,2025-02-06,17,99000,0
CUST10376,"Ifa Dabukke, S.Gz",084151039848,Pekanbaru,Prepaid,2024-05-12,26,129000,0
CUST10377,Wulan Hakim,084961566556,Semarang,Postpaid,2024-05-12,26,43000,1
CUST10378,Kani Wahyudin,084203410571,Semarang,Prepaid,2024-05-12,26,128000,0
CUST10379,Dalima Prasasta,085647277575,Semarang,Prepaid,2024-03-13,28,78000,2
CUST10380,dr. Karya Zulaika,088427682065,Medan,Prepaid,2025-03-08,16,124000,1
CUST10381,"R.M. Cawisono Natsir, S.Pt",082784812662,Balikpapan,Prepaid,2021-03-29,64,97000,1
CUST10382,drg. Raina Zulaika,081005112772,Balikpapan,Prepaid,2026-02-01,5,41000,1
CUST10383,Jamal Padmasari,084337947389,Surabaya,Prepaid,2024-06-11,25,150000,1
CUST10384,Daru Hariyah,087041888172,Jakarta,Prepaid,2019-02-08,90,125000,1
CUST10385,"Dodo Haryanti, S.T.",087047594633,Denpasar,Postpaid,2023-11-14,32,75000,1
CUST10386,"Adika Hastuti, S.Pd",087514230692,Malang,Prepaid,2025-10-04,9,127000,2
CUST10387,"Kenes Manullang, S.Pt",080753295661,Palembang,Prepaid,2023-03-19,40,108000,0
CUST10388,Jelita Rahmawati,081069960677,Bandung,Postpaid,2025-01-07,18,34000,1
CUST10389,Suci Anggraini,082977841631,Surabaya,Prepaid,2025-05-07,14,19000,0
CUST10390,"Hafshah Hasanah, S.Pd",087554553485,Jakarta,Prepaid,2025-08-05,11,151000,1
CUST10391,Harjo Laksmiwati,080122306310,Yogyakarta,Postpaid,2025-08-05,11,125000,1
CUST10392,Dasa Wibowo,082765354563,Makassar,Postpaid,2025-04-07,15,29000,1
CUST10393,dr. Ratih Sihombing,081508182405,Malang,Prepaid,2024-09-09,22,19000,2
CUST10394,"Ida Damanik, S.Sos",085723609248,Palembang,Prepaid,2020-06-02,74,75000,1
CUST10395,Ajeng Pratiwi,088059437820,Bandung,Prepaid,2021-02-27,65,101000,0
CUST10396,"Hj. Victoria Hardiansyah, M.Ak",080251231659,Bandung,Prepaid,2026-05-02,2,17000,0
CUST10397,"Najwa Suwarno, S.H.",084163468114,Yogyakarta,Postpaid,2025-11-03,8,81000,1
CUST10398,dr. Gawati Usada,085599598468,Makassar,Postpaid,2025-11-03,8,146000,0
CUST10399,Lukman Ramadan,082535734900,Makassar,Postpaid,2025-07-06,12,116000,0
CUST10400,"Perkasa Wahyuni, S.E.I",080180923798,Semarang,Postpaid,2026-03-03,4,46000,0
CUST10401,"Bakti Utami, S.Gz",085910313528,Yogyakarta,Postpaid,2024-02-12,29,107000,0
CUST10402,Winda Farida,083977718659,Bandung,Postpaid,2024-11-08,20,141000,1
CUST10403,Labuh Utama,080837938491,Balikpapan,Prepaid,2024-07-11,24,82000,2
CUST10404,"Diah Iswahyudi, S.Pd",089660535361,Medan,Postpaid,2022-04-23,51,57000,1
CUST10405,Ulva Agustina,089750471347,Malang,Prepaid,2022-12-19,43,58000,1
CUST10406,Daliono Mustofa,082346741355,Yogyakarta,Prepaid,2026-01-02,6,56000,1
CUST10407,"Dr. Taufik Utama, M.TI.",082073906433,Pekanbaru,Postpaid,2024-05-12,26,121000,0
CUST10408,T. Radika Marbun,087138864926,Balikpapan,Prepaid,2024-08-10,23,174000,0
CUST10409,Yunita Laksmiwati,081099880614,Surabaya,Prepaid,2023-11-14,32,35000,1
CUST10410,"T. Pangeran Sirait, S.IP",082525247160,Jakarta,Prepaid,2026-05-02,2,87000,1
CUST10411,Citra Megantara,080127606032,Balikpapan,Postpaid,2026-01-02,6,79000,0
CUST10412,"Sutan Satya Wastuti, S.Sos",088086239038,Malang,Prepaid,2024-10-09,21,98000,0
CUST10413,"Drs. Karimah Iswahyudi, S.Sos",081549025331,Yogyakarta,Prepaid,2024-03-13,28,85000,0
CUST10414,Eman Nasyiah,083399202399,Makassar,Prepaid,2025-06-06,13,124000,1
CUST10415,Jaeman Uwais,082331756864,Yogyakarta,Prepaid,2026-05-02,2,129000,1
CUST10416,"Pangestu Wulandari, S.T.",084364165621,Balikpapan,Postpaid,2025-12-03,7,41000,0
CUST10417,drg. Yuni Uyainah,089497651057,Pekanbaru,Postpaid,2026-06-01,1,57000,0
CUST10418,Cici Wulandari,088103993786,Surabaya,Prepaid,2026-06-01,1,60000,0
CUST10419,Jarwi Dongoran,081110966652,Pekanbaru,Prepaid,2022-05-23,50,113000,1
CUST10420,Drs. Jane Suryatmi,080718461341,Jakarta,Prepaid,2025-10-04,9,134000,2
CUST10421,Marsudi Haryanto,084999262219,Medan,Prepaid,2023-12-14,31,37000,0
CUST10422,"Ridwan Hariyah, S.Pd",084342407336,Denpasar,Postpaid,2026-06-01,1,107000,0
CUST10423,"Hasan Latupono, S.E.I",085587548095,Pekanbaru,Postpaid,2024-03-13,28,88000,0
CUST10424,Warsita Firgantoro,085560233844,Palembang,Prepaid,2025-01-07,18,81000,1
CUST10425,Nilam Latupono,086946051585,Balikpapan,Prepaid,2024-05-12,26,49000,2
CUST10426,Daryani Nasyiah,083048880367,Palembang,Prepaid,2025-07-06,12,88000,1
CUST10427,Harsanto Hasanah,080760779615,Surabaya,Prepaid,2024-08-10,23,116000,0
CUST10428,Salsabila Namaga,089561817437,Jakarta,Postpaid,2023-10-15,33,90000,2
CUST10429,Rini Mangunsong,086112624850,Denpasar,Prepaid,2025-11-03,8,79000,0
CUST10430,Safina Januar,082644608268,Denpasar,Postpaid,2025-09-04,10,12000,0
CUST10431,"Dr. Raisa Wasita, S.T.",081031056301,Medan,Prepaid,2025-05-07,14,105000,1
CUST10432,Muhammad Uwais,086665714590,Surabaya,Postpaid,2021-07-27,60,95000,1
CUST10433,Ibun Handayani,083304521625,Semarang,Prepaid,2021-03-29,64,85000,0
CUST10434,Sabar Tarihoran,086617694699,Yogyakarta,Postpaid,2023-03-19,40,122000,3
CUST10435,Mahfud Uwais,086359315564,Semarang,Prepaid,2026-05-02,2,73000,0
CUST10436,Ir. Gatot Halim,082211477264,Surabaya,Postpaid,2026-03-03,4,44000,2
CUST10437,Ika Nainggolan,083826620357,Jakarta,Prepaid,2026-04-02,3,138000,2
CUST10438,Warta Hasanah,083760133697,Bandung,Prepaid,2024-09-09,22,59000,0
CUST10439,Mujur Prabowo,084685374782,Malang,Postpaid,2025-07-06,12,106000,0
CUST10440,"Manah Riyanti, S.Ked",085053970183,Pekanbaru,Prepaid,2025-09-04,10,105000,0
CUST10441,Panji Sitorus,088535877304,Palembang,Postpaid,2025-11-03,8,87000,0
CUST10442,Budi Pratiwi,083835130205,Denpasar,Postpaid,2025-06-06,13,96000,0
CUST10443,Bagiya Puspasari,081348337095,Denpasar,Postpaid,2024-08-10,23,53000,1
CUST10444,Langgeng Pratama,087475096504,Surabaya,Postpaid,2026-06-01,1,76000,0
CUST10445,"R.A. Julia Maulana, M.Ak",085635383123,Jakarta,Prepaid,2016-02-24,126,145000,0
CUST10446,Enteng Maulana,082119515529,Denpasar,Prepaid,2024-03-13,28,60000,1
CUST10447,Kayun Ramadan,082063414610,Semarang,Postpaid,2025-02-06,17,73000,2
CUST10448,"R.M. Balapati Wijayanti, S.Ked",081558663876,Palembang,Prepaid,2025-11-03,8,105000,0
CUST10449,Aditya Tamba,089741894467,Yogyakarta,Prepaid,2026-04-02,3,177000,1
CUST10450,"KH. Dasa Rahmawati, S.Psi",082286936678,Denpasar,Prepaid,2026-02-01,5,38000,2
CUST10451,Cayadi Saptono,080434176118,Denpasar,Prepaid,2026-06-01,1,13000,0
CUST10452,Budi Andriani,085034522140,Bandung,Prepaid,2025-04-07,15,63000,0
CUST10453,R. Panca Haryanto,084953616778,Medan,Postpaid,2026-02-01,5,101000,0
CUST10454,Melinda Tarihoran,085304345658,Bandung,Postpaid,2026-01-02,6,84000,0
CUST10455,Drs. Balangga Hartati,086021578764,Makassar,Prepaid,2024-12-08,19,108000,0
CUST10456,Sutan Warsita Susanti,086428276997,Semarang,Prepaid,2022-11-19,44,84000,0
CUST10457,Ozy Wahyuni,085658809905,Makassar,Prepaid,2025-10-04,9,48000,1
CUST10458,T. Jagapati Yuniar,088827333356,Makassar,Prepaid,2025-08-05,11,50000,3
CUST10459,Aswani Kuswandari,081398196100,Denpasar,Postpaid,2025-10-04,9,10000,1
CUST10460,"drg. Maria Kurniawan, M.Kom.",086911888696,Pekanbaru,Prepaid,2025-12-03,7,81000,1
CUST10461,"Maimunah Hidayanto, S.Pt",084832404772,Denpasar,Postpaid,2022-01-23,54,122000,1
CUST10462,Rachel Maulana,083957146179,Yogyakarta,Postpaid,2026-06-01,1,37000,1
CUST10463,Budi Saefullah,085562666655,Semarang,Prepaid,2024-04-12,27,88000,0
CUST10464,Hj. Restu Pudjiastuti,089504953392,Balikpapan,Prepaid,2026-05-02,2,70000,0
CUST10465,"Jane Wibowo, M.Ak",086537265562,Surabaya,Prepaid,2026-06-01,1,92000,2
CUST10466,T. Jaeman Mayasari,080410726227,Pekanbaru,Postpaid,2025-11-03,8,133000,1
CUST10467,drg. Cinthia Latupono,089763172150,Balikpapan,Postpaid,2026-03-03,4,59000,0
CUST10468,"Hj. Sadina Puspasari, S.Kom",085887436715,Bandung,Postpaid,2024-06-11,25,54000,0
CUST10469,Mila Pradana,086711337753,Makassar,Prepaid,2026-05-02,2,120000,1
CUST10470,Jessica Hasanah,084180946960,Pekanbaru,Prepaid,2023-08-16,35,28000,0
CUST10471,Lidya Kuswoyo,089498320637,Yogyakarta,Prepaid,2026-04-02,3,145000,1
CUST10472,Maria Sihotang,087513615680,Pekanbaru,Postpaid,2024-07-11,24,62000,2
CUST10473,"Dodo Wahyudin, S.E.I",081422100968,Bandung,Postpaid,2018-11-10,93,87000,1
CUST10474,"Virman Kusmawati, S.Pt",087181685986,Balikpapan,Prepaid,2023-10-15,33,107000,0
CUST10475,Radika Hutasoit,084969249731,Semarang,Prepaid,2025-10-04,9,128000,1
CUST10476,Ian Kuswoyo,087330924496,Bandung,Prepaid,2025-08-05,11,15000,2
CUST10477,"Ulya Wahyudin, S.E.I",081546142007,Surabaya,Prepaid,2026-04-02,3,10000,0
CUST10478,Dt. Langgeng Purwanti,088169627955,Denpasar,Prepaid,2022-03-24,52,31000,3
CUST10479,Tgk. Mumpuni Maheswara,084877509845,Denpasar,Prepaid,2026-01-02,6,122000,1
CUST10480,Kamila Widiastuti,086469059047,Makassar,Prepaid,2022-11-19,44,121000,1
CUST10481,"dr. Taswir Habibi, S.Pd",081031686306,Malang,Postpaid,2025-01-07,18,114000,2
CUST10482,Tgk. Kamila Jailani,081175405358,Pekanbaru,Postpaid,2026-03-03,4,101000,1
CUST10483,Drs. Gabriella Mangunsong,080070186468,Denpasar,Prepaid,2025-03-08,16,59000,2
CUST10484,"Jaya Prasetyo, S.IP",082074096260,Surabaya,Postpaid,2024-10-09,21,10000,1
CUST10485,Zulfa Puspita,089806808156,Malang,Prepaid,2022-06-22,49,88000,1
CUST10486,Calista Setiawan,084896395187,Bandung,Postpaid,2026-03-03,4,75000,0
CUST10487,R.A. Yani Aryani,081027131251,Jakarta,Postpaid,2023-12-14,31,84000,1
CUST10488,"Drs. Vivi Oktaviani, M.Ak",083180097526,Malang,Postpaid,2025-07-06,12,62000,1
CUST10489,"Margana Puspita, S.Ked",082654960149,Denpasar,Postpaid,2024-09-09,22,109000,0
CUST10490,Hj. Yance Santoso,083021503752,Malang,Prepaid,2025-09-04,10,96000,0
CUST10491,Cemeti Saputra,082176941606,Malang,Postpaid,2023-09-15,34,143000,0
CUST10492,"Vanesa Saragih, S.Psi",084387079174,Semarang,Postpaid,2023-11-14,32,27000,0
CUST10493,Agnes Najmudin,088753163730,Bandung,Prepaid,2025-11-03,8,41000,2
CUST10494,"R. Padmi Wahyuni, S.Sos",088324481943,Pekanbaru,Prepaid,2025-05-07,14,109000,1
CUST10495,Caket Usada,087692160184,Surabaya,Prepaid,2025-07-06,12,99000,1
CUST10496,Bakijan Nuraini,082217995524,Surabaya,Prepaid,2024-08-10,23,132000,0
CUST10497,Harimurti Andriani,088244048242,Yogyakarta,Prepaid,2024-10-09,21,62000,0
CUST10498,Jasmin Manullang,089840975438,Balikpapan,Postpaid,2024-07-11,24,90000,1
CUST10499,Ira Simbolon,084250791260,Pekanbaru,Prepaid,2024-09-09,22,57000,1
CUST10500,"Drs. Lembah Hutasoit, S.Gz",081455941718,Denpasar,Prepaid,2025-12-03,7,85000,0
CUST10501,Candrakanta Safitri,087063652766,Malang,Prepaid,2026-06-01,1,137000,0
CUST10502,Mursita Hutapea,087087096813,Balikpapan,Postpaid,2023-07-17,36,123000,0
CUST10503,Maimunah Wijayanti,083150729214,Balikpapan,Prepaid,2025-06-06,13,112000,0
CUST10504,Nova Sudiati,087738540345,Balikpapan,Postpaid,2025-10-04,9,51000,0
CUST10505,Lidya Saputra,087652679890,Bandung,Prepaid,2024-10-09,21,80000,3
CUST10506,Perkasa Mulyani,080829126485,Denpasar,Prepaid,2025-06-06,13,134000,0
CUST10507,Gangsar Astuti,082951346208,Malang,Prepaid,2025-07-06,12,108000,1
CUST10508,Edi Wastuti,086436356843,Medan,Postpaid,2024-11-08,20,35000,0
CUST10509,"Lega Laksita, M.TI.",081249703419,Surabaya,Prepaid,2025-10-04,9,99000,0
CUST10510,"Gaiman Gunawan, S.H.",082986612031,Pekanbaru,Postpaid,2026-06-01,1,64000,0
CUST10511,Rahayu Hakim,081503335139,Semarang,Prepaid,2025-11-03,8,116000,1
CUST10512,Damu Sihombing,087991955628,Palembang,Prepaid,2025-06-06,13,106000,0
CUST10513,Pranata Mandala,087793140610,Balikpapan,Postpaid,2025-04-07,15,64000,0
CUST10514,"T. Elvin Simbolon, S.IP",084006529205,Balikpapan,Postpaid,2026-05-02,2,84000,0
CUST10515,Jamal Astuti,089346506374,Denpasar,Prepaid,2023-12-14,31,156000,1
CUST10516,Cager Wibowo,080334528744,Palembang,Prepaid,2024-09-09,22,101000,2
CUST10517,H. Dartono Mardhiyah,087485139539,Surabaya,Prepaid,2026-06-01,1,62000,0
CUST10518,Ir. Reksa Thamrin,080494577113,Balikpapan,Prepaid,2025-12-03,7,99000,0
CUST10519,Hasta Gunarto,080883540029,Yogyakarta,Prepaid,2025-12-03,7,76000,1
CUST10520,Anita Haryanti,081621960749,Malang,Prepaid,2023-08-16,35,84000,0
CUST10521,Setya Sihotang,085586461558,Balikpapan,Prepaid,2026-06-01,1,55000,1
CUST10522,drg. Queen Waskita,080381124932,Surabaya,Postpaid,2025-01-07,18,14000,1
CUST10523,"Suci Agustina, S.Pd",085710758863,Yogyakarta,Prepaid,2024-05-12,26,44000,1
CUST10524,Halim Damanik,080580534391,Malang,Prepaid,2021-01-28,66,81000,0
CUST10525,Ella Safitri,082186855571,Surabaya,Postpaid,2023-12-14,31,61000,1
CUST10526,Yance Tarihoran,081103614959,Denpasar,Prepaid,2024-06-11,25,97000,0
CUST10527,Ibrani Kurniawan,080828121106,Surabaya,Prepaid,2019-07-08,85,31000,1
CUST10528,Ibrani Rahmawati,080441065490,Bandung,Prepaid,2026-05-02,2,68000,0
CUST10529,Paramita Hutapea,087792913089,Semarang,Prepaid,2022-10-20,45,63000,1
CUST10530,Ira Sirait,083876508757,Balikpapan,Prepaid,2026-05-02,2,102000,0
CUST10531,Ganda Narpati,089590257354,Semarang,Postpaid,2024-02-12,29,113000,0
CUST10532,Kajen Usada,088945473454,Bandung,Postpaid,2026-05-02,2,42000,0
CUST10533,Karta Melani,085031263945,Makassar,Prepaid,2020-10-30,69,10000,2
CUST10534,Utama Tampubolon,081084619414,Semarang,Prepaid,2025-07-06,12,110000,0
CUST10535,Titi Yuliarti,081369781312,Malang,Prepaid,2025-02-06,17,167000,1
CUST10536,"R. Gilda Jailani, S.E.I",082447757893,Palembang,Prepaid,2026-06-01,1,60000,0
CUST10537,Faizah Natsir,089951414290,Malang,Postpaid,2026-03-03,4,109000,0
CUST10538,R. Vanya Yolanda,088401633676,Pekanbaru,Prepaid,2023-10-15,33,27000,3
CUST10539,Cecep Utami,087264238590,Yogyakarta,Prepaid,2025-05-07,14,89000,2
CUST10540,Malika Pratiwi,083334058374,Palembang,Prepaid,2026-06-01,1,120000,0
CUST10541,"Drs. Ikin Zulaika, M.Farm",087416665485,Surabaya,Prepaid,2025-03-08,16,82000,0
CUST10542,"Makara Oktaviani, S.Psi",084963930083,Palembang,Prepaid,2024-06-11,25,68000,2
CUST10543,"Hj. Iriana Maryadi, M.M.",080830333626,Pekanbaru,Postpaid,2025-02-06,17,131000,0
CUST10544,Jarwadi Handayani,089033034859,Balikpapan,Prepaid,2023-06-17,37,160000,1
CUST10545,"Gadang Saefullah, M.Farm",086593358163,Semarang,Prepaid,2021-08-26,59,128000,0
CUST10546,Garan Mayasari,081292690822,Yogyakarta,Prepaid,2026-03-03,4,124000,0
CUST10547,Galak Hariyah,084270803084,Semarang,Postpaid,2022-09-20,46,111000,1
CUST10548,Ani Hakim,087638452464,Medan,Prepaid,2018-06-13,98,72000,0
CUST10549,Yance Suwarno,088651468926,Yogyakarta,Postpaid,2022-02-22,53,69000,1
CUST10550,Mariadi Iswahyudi,089702427784,Balikpapan,Prepaid,2025-06-06,13,56000,2
CUST10551,Ir. Ophelia Winarno,088221622107,Bandung,Postpaid,2019-11-05,81,93000,0
CUST10552,Ratna Puspasari,084949220725,Semarang,Prepaid,2018-05-14,99,131000,0
CUST10553,"H. Umar Gunarto, M.M.",089408068943,Malang,Prepaid,2022-04-23,51,142000,0
CUST10554,"Drs. Martana Nainggolan, S.Psi",083882551657,Malang,Prepaid,2026-03-03,4,86000,0
CUST10555,Dr. Olivia Maryadi,084057387879,Yogyakarta,Prepaid,2024-01-13,30,74000,1
CUST10556,Ihsan Jailani,081224805615,Medan,Postpaid,2023-12-14,31,99000,1
CUST10557,"Tgk. Nasab Hutasoit, M.TI.",089893780968,Denpasar,Postpaid,2024-02-12,29,73000,0
CUST10558,"Cawuk Gunarto, S.H.",086725393818,Malang,Prepaid,2025-04-07,15,78000,0
CUST10559,"Maida Farida, M.TI.",080999397281,Denpasar,Prepaid,2025-03-08,16,137000,1
CUST10560,Drs. Capa Utama,088740889448,Denpasar,Prepaid,2026-03-03,4,119000,0
CUST10561,Intan Wibisono,088886536874,Pekanbaru,Prepaid,2026-01-02,6,107000,0
CUST10562,Vicky Sirait,086146023512,Jakarta,Prepaid,2025-09-04,10,150000,1
CUST10563,"Liman Habibi, S.Psi",088673472687,Pekanbaru,Postpaid,2025-09-04,10,72000,1
CUST10564,Gambira Kuswoyo,084189829966,Medan,Prepaid,2018-12-10,92,49000,1
CUST10565,Ir. Harsana Suryono,081714420391,Bandung,Prepaid,2024-04-12,27,98000,0
CUST10566,Tari Wahyuni,084946171872,Pekanbaru,Postpaid,2026-03-03,4,69000,1
CUST10567,R. Juli Hutapea,081869264412,Denpasar,Prepaid,2024-07-11,24,106000,1
CUST10568,Hj. Dinda Tampubolon,086936401366,Semarang,Postpaid,2025-11-03,8,126000,3
CUST10569,Safina Wijayanti,087720032999,Pekanbaru,Prepaid,2024-05-12,26,32000,0
CUST10570,Diah Riyanti,080539618011,Balikpapan,Prepaid,2021-10-25,57,112000,0
CUST10571,"Chelsea Saragih, M.Pd",088135110188,Denpasar,Prepaid,2025-05-07,14,161000,0
CUST10572,Syahrini Sitompul,089286723839,Pekanbaru,Prepaid,2022-08-21,47,10000,1
CUST10573,"R. Salsabila Novitasari, S.Pt",088670120274,Surabaya,Postpaid,2025-06-06,13,119000,0
CUST10574,"Mumpuni Anggraini, M.TI.",084954171322,Denpasar,Prepaid,2023-11-14,32,76000,1
CUST10575,Anita Tarihoran,088562907192,Surabaya,Postpaid,2021-10-25,57,102000,2
CUST10576,Elvina Prabowo,088066359810,Denpasar,Prepaid,2020-01-04,79,48000,1
CUST10577,Vivi Laksita,084950969377,Pekanbaru,Prepaid,2022-06-22,49,128000,0
CUST10578,Darmanto Mandala,082063009331,Balikpapan,Postpaid,2024-02-12,29,49000,0
CUST10579,Bahuwarna Sihombing,080234691287,Palembang,Prepaid,2026-06-01,1,89000,0
CUST10580,"Puti Ophelia Namaga, M.TI.",081685484547,Semarang,Postpaid,2025-11-03,8,21000,0
CUST10581,Mitra Sirait,081605966795,Makassar,Postpaid,2023-11-14,32,116000,0
CUST10582,"Drs. Cahyadi Riyanti, S.Sos",080408396324,Malang,Postpaid,2021-12-24,55,102000,1
CUST10583,Carub Najmudin,085955447835,Balikpapan,Prepaid,2026-03-03,4,121000,0
CUST10584,"Ir. Yessi Marbun, M.M.",081611308254,Yogyakarta,Prepaid,2026-01-02,6,88000,0
CUST10585,Hendra Utama,086298117681,Malang,Prepaid,2023-01-18,42,131000,1
CUST10586,"Najib Prakasa, M.M.",080114689646,Yogyakarta,Prepaid,2026-05-02,2,96000,2
CUST10587,Tgk. Umi Hassanah,086968011861,Balikpapan,Prepaid,2025-02-06,17,111000,0
CUST10588,Kasusra Permadi,084128850714,Jakarta,Postpaid,2025-10-04,9,144000,1
CUST10589,Yessi Halimah,089744042283,Bandung,Postpaid,2025-05-07,14,71000,1
CUST10590,"R.A. Kartika Wastuti, M.Farm",081844457903,Makassar,Prepaid,2024-10-09,21,44000,0
CUST10591,Malika Suryono,087998200552,Yogyakarta,Postpaid,2026-05-02,2,116000,0
CUST10592,"dr. Jefri Nuraini, S.Farm",088166441744,Malang,Prepaid,2025-03-08,16,102000,1
CUST10593,Rendy Pangestu,085698748734,Yogyakarta,Postpaid,2025-03-08,16,91000,1
CUST10594,"Drs. Cahyo Ramadan, S.Gz",087786276116,Malang,Prepaid,2025-12-03,7,67000,0
CUST10595,"Jaya Wahyudin, M.Pd",089425932618,Bandung,Prepaid,2026-04-02,3,10000,0
CUST10596,Narji Maryati,088312549777,Yogyakarta,Prepaid,2019-07-08,85,76000,0
CUST10597,"Puti Intan Hutasoit, S.E.",088886109797,Yogyakarta,Prepaid,2024-09-09,22,10000,0
CUST10598,Mila Mulyani,086815511237,Bandung,Postpaid,2026-02-01,5,77000,0
CUST10599,Radika Fujiati,087481381297,Pekanbaru,Prepaid,2026-02-01,5,85000,0
CUST10600,Warsita Prasetya,088421274627,Jakarta,Postpaid,2026-05-02,2,128000,1
CUST10601,"Dr. Kamaria Dongoran, S.Farm",087149895694,Yogyakarta,Prepaid,2025-11-03,8,62000,1
CUST10602,Harto Mardhiyah,089039107669,Jakarta,Postpaid,2026-05-02,2,50000,0
CUST10603,Gilda Winarno,089487873389,Jakarta,Postpaid,2025-03-08,16,96000,1
CUST10604,Hardi Prasetyo,087425766874,Balikpapan,Postpaid,2024-02-12,29,57000,0
CUST10605,Galuh Januar,080537855253,Medan,Prepaid,2025-07-06,12,24000,2
CUST10606,"Hj. Juli Maulana, S.E.I",080852834578,Makassar,Postpaid,2025-11-03,8,66000,0
CUST10607,Edison Halimah,083061274989,Semarang,Postpaid,2026-06-01,1,91000,1
CUST10608,"Yance Mandala, M.Kom.",088226851371,Balikpapan,Postpaid,2026-05-02,2,52000,0
CUST10609,Raisa Ardianto,081741440412,Yogyakarta,Postpaid,2026-04-02,3,10000,0
CUST10610,Ajiman Rajasa,086457856969,Bandung,Prepaid,2023-10-15,33,105000,1
CUST10611,Rafid Maryadi,088117178124,Pekanbaru,Prepaid,2025-09-04,10,78000,1
CUST10612,H. Lulut Nuraini,089396415013,Pekanbaru,Postpaid,2024-07-11,24,93000,2
CUST10613,Carla Suwarno,082017493217,Makassar,Prepaid,2021-12-24,55,115000,0
CUST10614,Gada Maheswara,085004343388,Jakarta,Prepaid,2025-01-07,18,17000,0
CUST10615,Digdaya Andriani,085444837642,Surabaya,Postpaid,2024-11-08,20,59000,0
CUST10616,"Putu Oktaviani, M.M.",085987687577,Palembang,Prepaid,2026-04-02,3,10000,1
CUST10617,Balapati Mandasari,086095795750,Yogyakarta,Prepaid,2022-11-19,44,114000,1
CUST10618,Drs. Anita Usamah,081072784864,Malang,Postpaid,2024-05-12,26,47000,1
CUST10619,Drs. Dimas Megantara,088044832101,Jakarta,Prepaid,2023-05-18,38,41000,3
CUST10620,Maria Adriansyah,082034163003,Surabaya,Postpaid,2025-10-04,9,12000,1
CUST10621,dr. Halima Pertiwi,084338127547,Makassar,Postpaid,2024-04-12,27,132000,0
CUST10622,Fitria Widiastuti,082350069055,Palembang,Prepaid,2026-03-03,4,41000,1
CUST10623,"Bakiadi Novitasari, S.I.Kom",087615485715,Bandung,Postpaid,2026-03-03,4,76000,0
CUST10624,Xanana Novitasari,085494048290,Surabaya,Postpaid,2024-07-11,24,28000,0
CUST10625,Dr. Panji Mayasari,085833655075,Denpasar,Prepaid,2025-07-06,12,134000,0
CUST10626,Dt. Harsaya Halimah,083115246936,Semarang,Prepaid,2024-04-12,27,20000,0
CUST10627,Makara Wibisono,089726329391,Makassar,Prepaid,2017-10-16,106,136000,0
CUST10628,Hafshah Budiyanto,084964877576,Jakarta,Postpaid,2024-04-12,27,83000,0
CUST10629,Winda Hidayat,080866388317,Bandung,Postpaid,2025-03-08,16,39000,1
CUST10630,Halima Wahyuni,081310776718,Pekanbaru,Prepaid,2026-06-01,1,81000,0
CUST10631,"Bala Prastuti, S.Psi",088299047609,Malang,Prepaid,2026-06-01,1,70000,1
CUST10632,Artawan Thamrin,081251176615,Malang,Prepaid,2025-11-03,8,81000,1
CUST10633,Tgk. Rahmat Yuniar,081988728096,Pekanbaru,Prepaid,2023-01-18,42,94000,1
CUST10634,Radika Hariyah,086804668384,Balikpapan,Prepaid,2020-03-04,77,23000,0
CUST10635,"Natalia Usamah, S.E.",084378224401,Bandung,Postpaid,2025-01-07,18,26000,0
CUST10636,"R.M. Atma Haryanti, S.Gz",088926991306,Bandung,Postpaid,2024-12-08,19,148000,1
CUST10637,Farah Gunawan,084079824988,Jakarta,Prepaid,2025-11-03,8,95000,0
CUST10638,"Sutan Timbul Gunarto, S.Psi",089767650003,Yogyakarta,Postpaid,2026-02-01,5,78000,0
CUST10639,Oliva Widodo,087080641008,Pekanbaru,Prepaid,2019-11-05,81,66000,1
CUST10640,"Drs. Nabila Ramadan, S.Gz",086487644461,Palembang,Prepaid,2024-11-08,20,78000,1
CUST10641,"Ir. Dadap Suwarno, S.I.Kom",084311507156,Malang,Prepaid,2025-07-06,12,41000,2
CUST10642,"Cut Zelaya Yolanda, S.Psi",084742703497,Semarang,Prepaid,2024-11-08,20,36000,0
CUST10643,Dewi Uwais,088713330560,Semarang,Postpaid,2026-06-01,1,105000,0
CUST10644,Lalita Farida,088412973669,Yogyakarta,Postpaid,2025-01-07,18,95000,0
CUST10645,Jessica Nashiruddin,088532318949,Balikpapan,Prepaid,2022-07-22,48,104000,0
CUST10646,Talia Mandasari,086424788348,Malang,Postpaid,2023-06-17,37,96000,0
CUST10647,Wirda Maryati,080351469391,Jakarta,Prepaid,2022-05-23,50,71000,1
CUST10648,Wani Hutasoit,082218211218,Semarang,Postpaid,2025-05-07,14,84000,1
CUST10649,"Lintang Hutapea, S.Farm",086832433157,Surabaya,Prepaid,2025-08-05,11,101000,0
CUST10650,R. Puji Sihombing,088019713359,Balikpapan,Prepaid,2026-02-01,5,61000,0
CUST10651,Ciaobella Hutapea,087582126215,Medan,Prepaid,2025-03-08,16,140000,1
CUST10652,Salimah Sihombing,082046057654,Balikpapan,Prepaid,2018-10-11,94,133000,1
CUST10653,Melinda Suartini,083367424950,Denpasar,Postpaid,2020-06-02,74,72000,0
CUST10654,"Maria Marbun, M.M.",084224318207,Medan,Postpaid,2026-05-02,2,77000,2
CUST10655,Melinda Gunarto,085205344342,Semarang,Prepaid,2022-04-23,51,130000,0
CUST10656,"Kamila Susanti, S.Farm",084209255022,Jakarta,Postpaid,2025-02-06,17,111000,0
CUST10657,Suci Hakim,083536277816,Bandung,Prepaid,2025-04-07,15,93000,1
CUST10658,Mumpuni Uyainah,089028744564,Surabaya,Postpaid,2024-03-13,28,69000,0
CUST10659,Karimah Mulyani,088272255483,Yogyakarta,Postpaid,2023-04-18,39,55000,0
CUST10660,"H. Mustika Manullang, S.Ked",088494480183,Bandung,Prepaid,2026-02-01,5,64000,0
CUST10661,Samsul Sudiati,084632477625,Pekanbaru,Prepaid,2023-11-14,32,119000,2
CUST10662,"Purwa Farida, S.Gz",089193666892,Balikpapan,Prepaid,2023-10-15,33,113000,2
CUST10663,Bagas Prakasa,085115480150,Palembang,Prepaid,2026-05-02,2,132000,0
CUST10664,"Ir. Ghani Tarihoran, S.Sos",084109226005,Pekanbaru,Postpaid,2026-06-01,1,19000,0
CUST10665,Cut Rahmi Mangunsong,088411540981,Surabaya,Prepaid,2025-09-04,10,20000,0
CUST10666,"Ihsan Uwais, S.I.Kom",084746955620,Medan,Prepaid,2023-04-18,39,86000,0
CUST10667,Vanesa Hutagalung,080385984572,Surabaya,Prepaid,2026-06-01,1,109000,0
CUST10668,R. Paris Utama,087726812874,Denpasar,Prepaid,2023-06-17,37,78000,0
CUST10669,Iriana Yulianti,086060818560,Malang,Postpaid,2025-07-06,12,88000,0
CUST10670,Hilda Latupono,089471375741,Pekanbaru,Postpaid,2026-01-02,6,120000,1
CUST10671,Oman Nashiruddin,080066433102,Medan,Postpaid,2021-11-24,56,60000,0
CUST10672,Padma Wibisono,083740529188,Pekanbaru,Postpaid,2025-04-07,15,110000,2
CUST10673,R. Eluh Rajata,086117160241,Surabaya,Prepaid,2024-06-11,25,35000,0
CUST10674,"Melinda Prabowo, M.Ak",088540656616,Pekanbaru,Prepaid,2022-03-24,52,10000,1
CUST10675,Talia Lestari,085032291000,Denpasar,Prepaid,2026-06-01,1,92000,1
CUST10676,Banawi Mansur,082878114135,Medan,Prepaid,2024-01-13,30,104000,1
CUST10677,"Puti Mila Natsir, M.M.",082591231433,Medan,Postpaid,2026-04-02,3,105000,1
CUST10678,Rusman Zulaika,080863023591,Denpasar,Postpaid,2025-03-08,16,57000,1
CUST10679,"dr. Salwa Situmorang, S.Pt",081959669636,Yogyakarta,Postpaid,2023-10-15,33,69000,0
CUST10680,Dr. Elvin Salahudin,089600945757,Pekanbaru,Prepaid,2026-06-01,1,60000,0
CUST10681,"R. Tania Uyainah, S.E.",080712420142,Jakarta,Postpaid,2024-02-12,29,86000,0
CUST10682,"Tgk. Kacung Prasetyo, S.IP",086279481370,Palembang,Postpaid,2022-12-19,43,51000,0
CUST10683,Prima Mandala,087273209986,Palembang,Prepaid,2025-09-04,10,130000,0
CUST10684,Paiman Lailasari,088516049099,Medan,Postpaid,2022-11-19,44,126000,1
CUST10685,Gatra Puspasari,081572544114,Surabaya,Prepaid,2021-10-25,57,58000,0
CUST10686,dr. Nadia Puspasari,083592849334,Balikpapan,Postpaid,2020-01-04,79,96000,0
CUST10687,Luwar Irawan,086419474093,Palembang,Postpaid,2025-08-05,11,62000,1
CUST10688,Galak Widodo,085133254371,Yogyakarta,Postpaid,2026-06-01,1,106000,2
CUST10689,"Tantri Kuswandari, M.TI.",080574999346,Medan,Prepaid,2020-08-01,72,52000,1
CUST10690,Vivi Wasita,084093514297,Balikpapan,Prepaid,2026-05-02,2,110000,0
CUST10691,"Ir. Belinda Mahendra, S.Psi",086303424937,Yogyakarta,Prepaid,2025-09-04,10,133000,1
CUST10692,"Bagya Hartati, M.M.",082462698076,Jakarta,Postpaid,2025-06-06,13,27000,0
CUST10693,"Kariman Situmorang, S.E.I",087909814655,Palembang,Prepaid,2025-08-05,11,77000,0
CUST10694,"Drs. Suci Rahmawati, S.E.",083487067317,Palembang,Postpaid,2023-08-16,35,134000,1
CUST10695,"R.M. Ian Mardhiyah, S.Gz",086014074424,Pekanbaru,Prepaid,2024-06-11,25,72000,0
CUST10696,"Puti Padma Mangunsong, S.Pd",081145152278,Surabaya,Prepaid,2022-05-23,50,112000,1
CUST10697,Caraka Sinaga,089849160010,Medan,Prepaid,2026-04-02,3,42000,1
CUST10698,"Genta Situmorang, M.TI.",082470296702,Jakarta,Postpaid,2025-10-04,9,37000,1
CUST10699,Zulfa Hutapea,086979434389,Jakarta,Prepaid,2022-02-22,53,151000,0
CUST10700,Faizah Usada,086303314678,Medan,Prepaid,2025-08-05,11,15000,1
CUST10701,T. Budi Utami,086826836644,Surabaya,Prepaid,2025-08-05,11,90000,0
CUST10702,Raisa Nasyidah,089980308346,Medan,Prepaid,2026-06-01,1,76000,0
CUST10703,Jefri Yuniar,087399466136,Palembang,Postpaid,2025-07-06,12,45000,0
CUST10704,Lega Prastuti,088877040899,Pekanbaru,Postpaid,2024-10-09,21,84000,1
CUST10705,Cawisono Wahyuni,088945219619,Denpasar,Postpaid,2024-04-12,27,74000,0
CUST10706,Ir. Jessica Pratiwi,089332769669,Jakarta,Postpaid,2023-08-16,35,90000,1
CUST10707,Rudi Dabukke,080689766377,Malang,Prepaid,2026-06-01,1,147000,2
CUST10708,Arsipatra Yuniar,089422213519,Palembang,Postpaid,2025-12-03,7,89000,0
CUST10709,"Drs. Eman Yulianti, S.Kom",081337351347,Balikpapan,Prepaid,2025-08-05,11,147000,0
CUST10710,"Drs. Hamzah Safitri, S.Ked",085623541984,Malang,Postpaid,2025-11-03,8,92000,1
CUST10711,Sari Palastri,086168753919,Denpasar,Postpaid,2022-01-23,54,87000,2
CUST10712,Syahrini Sihombing,084847393827,Pekanbaru,Postpaid,2025-07-06,12,69000,0
CUST10713,Hesti Waskita,089787289103,Medan,Prepaid,2026-01-02,6,78000,0
CUST10714,Mutia Hidayanto,089735261831,Palembang,Prepaid,2023-10-15,33,57000,4
CUST10715,"Almira Manullang, M.M.",088741162127,Balikpapan,Prepaid,2020-02-03,78,83000,0
CUST10716,Novi Hariyah,083817839610,Pekanbaru,Prepaid,2025-09-04,10,59000,0
CUST10717,Ganep Sudiati,081096596402,Makassar,Prepaid,2024-08-10,23,61000,1
CUST10718,Galar Simanjuntak,086963676786,Denpasar,Prepaid,2026-04-02,3,105000,0
CUST10719,"Zelda Situmorang, S.Sos",083104650552,Semarang,Prepaid,2024-05-12,26,131000,0
CUST10720,Prabawa Uwais,087146450097,Pekanbaru,Prepaid,2025-09-04,10,76000,0
CUST10721,Dr. Balamantri Simanjuntak,088055845577,Surabaya,Prepaid,2022-02-22,53,104000,1
CUST10722,Jaka Maheswara,089815158112,Bandung,Postpaid,2026-04-02,3,41000,1
CUST10723,Mila Prayoga,085809535490,Surabaya,Prepaid,2026-01-02,6,79000,0
CUST10724,Bakti Hardiansyah,089576456593,Semarang,Prepaid,2024-04-12,27,77000,1
CUST10725,Kiandra Susanti,082082128962,Yogyakarta,Postpaid,2025-01-07,18,71000,0
CUST10726,Hilda Manullang,081602394024,Makassar,Prepaid,2026-06-01,1,77000,0
CUST10727,"dr. Ratih Sihotang, S.Kom",085079613686,Pekanbaru,Postpaid,2026-06-01,1,36000,4
CUST10728,"R.M. Jamil Mulyani, M.M.",083739225643,Palembang,Postpaid,2020-03-04,77,87000,0
CUST10729,Ina Mandasari,089717209297,Bandung,Prepaid,2025-06-06,13,98000,1
CUST10730,Bakijan Wijaya,085858035220,Bandung,Postpaid,2024-08-10,23,102000,1
CUST10731,drg. Dimas Pratama,083718675845,Jakarta,Postpaid,2025-04-07,15,86000,1
CUST10732,dr. Alika Hardiansyah,086761529637,Semarang,Prepaid,2024-07-11,24,47000,1
CUST10733,Nilam Riyanti,084443429579,Malang,Postpaid,2025-03-08,16,104000,0
CUST10734,"Hj. Samiah Halimah, S.Pd",086037860205,Medan,Prepaid,2026-06-01,1,110000,0
CUST10735,Dt. Slamet Kurniawan,085489457459,Bandung,Prepaid,2024-07-11,24,77000,0
CUST10736,Diana Saptono,084697777279,Yogyakarta,Prepaid,2025-10-04,9,104000,0
CUST10737,"Karimah Waskita, S.I.Kom",080419791313,Yogyakarta,Postpaid,2025-06-06,13,114000,0
CUST10738,Himawan Habibi,084193688824,Jakarta,Prepaid,2025-04-07,15,53000,0
CUST10739,Drs. Febi Tarihoran,080639995898,Semarang,Postpaid,2025-07-06,12,99000,2
CUST10740,T. Bagya Winarno,083633081314,Denpasar,Prepaid,2023-09-15,34,31000,3
CUST10741,drg. Prakosa Pudjiastuti,085114162324,Bandung,Postpaid,2025-09-04,10,21000,1
CUST10742,Yunita Oktaviani,088148134381,Surabaya,Postpaid,2024-12-08,19,140000,0
CUST10743,"Lurhur Lazuardi, S.E.I",080379114624,Medan,Prepaid,2026-02-01,5,35000,1
CUST10744,Hartana Wahyudin,087737859831,Yogyakarta,Prepaid,2025-03-08,16,69000,2
CUST10745,"Tgk. Kalim Utama, S.E.I",081306084504,Bandung,Prepaid,2024-11-08,20,112000,0
CUST10746,Luhung Melani,080467121276,Semarang,Prepaid,2023-09-15,34,49000,3
CUST10747,Olivia Gunarto,084717618611,Palembang,Postpaid,2023-07-17,36,32000,0
CUST10748,Aris Mandala,082110183579,Palembang,Prepaid,2025-03-08,16,101000,0
CUST10749,"Juli Kusmawati, M.TI.",084040139728,Medan,Prepaid,2025-10-04,9,32000,1
CUST10750,Eka Sudiati,080632264243,Surabaya,Prepaid,2026-06-01,1,10000,2
CUST10751,R.M. Gamanto Suryatmi,086671387562,Bandung,Prepaid,2024-03-13,28,93000,1
CUST10752,Elisa Wijaya,085016609881,Semarang,Postpaid,2026-04-02,3,89000,0
CUST10753,Tgk. Rika Sirait,080537927015,Denpasar,Prepaid,2025-06-06,13,127000,0
CUST10754,Dr. Kasiran Lestari,089847904950,Semarang,Postpaid,2026-04-02,3,113000,0
CUST10755,"Padmi Salahudin, M.Kom.",086105767368,Balikpapan,Prepaid,2019-06-08,86,10000,0
CUST10756,"Cut Kartika Sitompul, S.IP",084553620550,Bandung,Postpaid,2025-11-03,8,44000,0
CUST10757,Restu Samosir,085728221252,Yogyakarta,Prepaid,2023-12-14,31,55000,1
CUST10758,"H. Teddy Usamah, S.Ked",089218099216,Malang,Postpaid,2024-05-12,26,112000,0
CUST10759,Dr. Hani Yolanda,089398218296,Malang,Postpaid,2025-11-03,8,104000,0
CUST10760,"KH. Labuh Permata, S.H.",082919597717,Jakarta,Prepaid,2024-02-12,29,66000,0
CUST10761,"Anastasia Padmasari, M.Kom.",088658225871,Palembang,Prepaid,2021-12-24,55,103000,3
CUST10762,Karna Usamah,083901181476,Medan,Prepaid,2024-10-09,21,61000,0
CUST10763,"Raina Wibowo, S.E.I",081136002991,Jakarta,Prepaid,2024-02-12,29,94000,0
CUST10764,"Hj. Hesti Firmansyah, M.Farm",087863087602,Yogyakarta,Postpaid,2023-07-17,36,108000,0
CUST10765,"Carla Nainggolan, S.Ked",081609917372,Bandung,Prepaid,2025-12-03,7,89000,1
CUST10766,Iriana Andriani,088834252500,Denpasar,Postpaid,2024-01-13,30,70000,0
CUST10767,Hendri Putra,081840223329,Yogyakarta,Prepaid,2025-02-06,17,95000,0
CUST10768,Olivia Suryatmi,086794929203,Malang,Prepaid,2021-03-29,64,106000,1
CUST10769,Zizi Halim,088615561638,Makassar,Prepaid,2021-07-27,60,121000,1
CUST10770,"Dina Maryati, S.Kom",082432977897,Makassar,Prepaid,2022-08-21,47,119000,0
CUST10771,Tgk. Mujur Kuswandari,081479814713,Surabaya,Prepaid,2025-09-04,10,60000,0
CUST10772,dr. Galar Natsir,087344966199,Surabaya,Postpaid,2018-12-10,92,103000,1
CUST10773,Patricia Siregar,085545207578,Palembang,Prepaid,2020-09-30,70,116000,0
CUST10774,Tgk. Murti Zulaika,082090599038,Medan,Prepaid,2025-08-05,11,103000,1
CUST10775,"Rangga Saptono, M.Ak",084859422716,Surabaya,Prepaid,2026-06-01,1,64000,1
CUST10776,Febi Prayoga,087640154511,Surabaya,Prepaid,2024-02-12,29,83000,0
CUST10777,Puti Salahudin,082084741594,Surabaya,Prepaid,2024-02-12,29,103000,1
CUST10778,Wardaya Salahudin,084601066113,Pekanbaru,Prepaid,2019-11-05,81,85000,2
CUST10779,"T. Niyaga Pranowo, M.Kom.",085895741959,Palembang,Prepaid,2023-05-18,38,59000,1
CUST10780,Natalia Tampubolon,084038960646,Surabaya,Postpaid,2026-04-02,3,40000,2
CUST10781,KH. Najam Saefullah,081861106802,Palembang,Prepaid,2026-01-02,6,45000,1
CUST10782,Dewi Pertiwi,080573560295,Yogyakarta,Prepaid,2023-01-18,42,70000,1
CUST10783,"Kenari Wibowo, S.Sos",080390323177,Balikpapan,Prepaid,2025-11-03,8,91000,0
CUST10784,"dr. Vera Maulana, S.Pd",083855707480,Surabaya,Prepaid,2024-08-10,23,134000,0
CUST10785,Edward Hutapea,086069226179,Surabaya,Postpaid,2026-06-01,1,50000,1
CUST10786,Maimunah Yolanda,089657412690,Yogyakarta,Postpaid,2025-06-06,13,40000,0
CUST10787,Ulva Kuswandari,082969590073,Pekanbaru,Prepaid,2025-08-05,11,134000,2
CUST10788,Damar Nasyiah,080391230172,Bandung,Prepaid,2024-07-11,24,71000,1
CUST10789,Putri Saputra,087499943246,Denpasar,Prepaid,2025-12-03,7,32000,0
CUST10790,Balangga Susanti,084563044890,Malang,Postpaid,2025-06-06,13,32000,1
CUST10791,"Rini Permadi, S.H.",087280821303,Malang,Prepaid,2025-07-06,12,88000,1
CUST10792,Mulyono Nuraini,083458111934,Denpasar,Prepaid,2025-06-06,13,41000,0
CUST10793,Makuta Pradipta,080362714591,Palembang,Prepaid,2026-02-01,5,19000,0
CUST10794,Baktianto Zulkarnain,085970879220,Medan,Prepaid,2025-12-03,7,123000,2
CUST10795,Tina Halimah,082600427856,Malang,Prepaid,2026-06-01,1,34000,1
CUST10796,Maman Mandala,088093713446,Semarang,Postpaid,2026-05-02,2,152000,1
CUST10797,Yoga Pudjiastuti,083630750663,Surabaya,Prepaid,2026-06-01,1,139000,1
CUST10798,Hasim Yolanda,080894376279,Pekanbaru,Prepaid,2024-04-12,27,118000,0
CUST10799,Natalia Yulianti,086507167622,Surabaya,Prepaid,2025-12-03,7,147000,1
CUST10800,Praba Suwarno,089333381494,Medan,Postpaid,2020-09-30,70,76000,1
CUST10801,Irma Yuliarti,088493943514,Makassar,Prepaid,2024-04-12,27,96000,0
CUST10802,Umaya Irawan,086799008009,Semarang,Prepaid,2026-06-01,1,24000,0
CUST10803,"Kemal Pradipta, M.Pd",087656586827,Bandung,Prepaid,2020-05-03,75,106000,0
CUST10804,"Tari Firgantoro, S.E.",081893749673,Yogyakarta,Prepaid,2022-12-19,43,108000,1
CUST10805,Zalindra Nugroho,085263996090,Makassar,Postpaid,2026-06-01,1,44000,0
CUST10806,Raihan Widodo,087857315453,Jakarta,Postpaid,2026-05-02,2,98000,0
CUST10807,"drg. Cengkir Siregar, S.Gz",088851691954,Balikpapan,Prepaid,2025-12-03,7,93000,0
CUST10808,Emin Purnawati,085678625920,Bandung,Postpaid,2024-01-13,30,86000,1
CUST10809,Puti Juli Suryono,086507903714,Palembang,Prepaid,2026-01-02,6,82000,1
CUST10810,Syahrini Palastri,081621878320,Malang,Prepaid,2026-02-01,5,99000,0
CUST10811,drg. Tirtayasa Mansur,086651451280,Bandung,Postpaid,2026-01-02,6,108000,0
CUST10812,"Drs. Nadia Saputra, S.Kom",089217446248,Denpasar,Prepaid,2025-12-03,7,153000,1
CUST10813,"R. Gamblang Marpaung, M.M.",088101560994,Malang,Prepaid,2026-05-02,2,73000,3
CUST10814,"Edi Nashiruddin, S.Ked",085179100518,Balikpapan,Postpaid,2021-03-29,64,29000,1
CUST10815,"Jessica Sihombing, M.Farm",080106121076,Bandung,Postpaid,2023-11-14,32,93000,0
CUST10816,"Praba Nababan, S.E.",084992187917,Denpasar,Prepaid,2026-06-01,1,112000,1
CUST10817,Hj. Latika Aryani,081274452313,Balikpapan,Prepaid,2025-12-03,7,77000,0
CUST10818,Tgk. Bakianto Wacana,083884892468,Medan,Postpaid,2022-01-23,54,129000,0
CUST10819,"Bakiono Nashiruddin, S.E.I",083184122313,Yogyakarta,Prepaid,2024-08-10,23,111000,0
CUST10820,Janet Prayoga,086725320222,Jakarta,Prepaid,2024-02-12,29,20000,2
CUST10821,Elon Winarno,087986566481,Yogyakarta,Prepaid,2023-02-17,41,10000,0
CUST10822,Ivan Santoso,084941133526,Jakarta,Prepaid,2025-05-07,14,57000,0
CUST10823,Ilsa Padmasari,089284890600,Balikpapan,Prepaid,2021-05-28,62,85000,0
CUST10824,"Queen Anggriawan, S.T.",082745363648,Palembang,Prepaid,2023-09-15,34,155000,0
CUST10825,"Gatra Prakasa, S.Gz",089128198720,Bandung,Prepaid,2026-03-03,4,44000,0
CUST10826,"Banara Hastuti, S.Pd",088506080032,Pekanbaru,Prepaid,2026-06-01,1,107000,2
CUST10827,Halim Mardhiyah,087369513158,Pekanbaru,Postpaid,2026-05-02,2,43000,0
CUST10828,"Vera Saragih, S.IP",086524427407,Palembang,Prepaid,2025-11-03,8,89000,0
CUST10829,"Vero Sihombing, S.I.Kom",083826860426,Pekanbaru,Prepaid,2025-09-04,10,19000,0
CUST10830,R.A. Gawati Mansur,081125587341,Denpasar,Prepaid,2023-01-18,42,58000,2
CUST10831,Eva Hasanah,089239857121,Yogyakarta,Prepaid,2025-09-04,10,125000,0
CUST10832,"Rachel Wahyudin, S.Farm",086187281064,Semarang,Postpaid,2020-12-29,67,128000,0
CUST10833,"Pia Halimah, M.Pd",089041550206,Semarang,Prepaid,2026-02-01,5,10000,2
CUST10834,"Ir. Rudi Pratama, S.H.",081112651021,Pekanbaru,Prepaid,2022-09-20,46,69000,1
CUST10835,"Perkasa Riyanti, S.Pt",088525286432,Bandung,Prepaid,2024-05-12,26,149000,0
CUST10836,drg. Karsana Tarihoran,084126720196,Pekanbaru,Prepaid,2024-03-13,28,68000,0
CUST10837,Vero Pratiwi,088616134964,Pekanbaru,Prepaid,2026-06-01,1,73000,1
CUST10838,Aswani Pudjiastuti,089817034084,Jakarta,Postpaid,2025-02-06,17,74000,0
CUST10839,Sutan Kemal Nasyiah,085985110374,Jakarta,Prepaid,2026-05-02,2,102000,0
CUST10840,Catur Simbolon,089243037878,Pekanbaru,Prepaid,2025-02-06,17,28000,0
CUST10841,"Drs. Maimunah Latupono, S.Kom",081670986142,Balikpapan,Prepaid,2025-08-05,11,109000,0
CUST10842,"Restu Lestari, S.Pt",083719698684,Pekanbaru,Prepaid,2026-02-01,5,90000,1
CUST10843,drg. Rusman Hakim,082683493053,Yogyakarta,Postpaid,2025-06-06,13,103000,0
CUST10844,Diah Mulyani,084497294641,Balikpapan,Prepaid,2024-03-13,28,50000,0
CUST10845,Mutia Pratiwi,085140242814,Semarang,Postpaid,2025-07-06,12,106000,2
CUST10846,Kurnia Hariyah,083801875959,Jakarta,Prepaid,2026-05-02,2,48000,0
CUST10847,"Respati Samosir, S.Ked",081749209263,Pekanbaru,Prepaid,2026-04-02,3,95000,1
CUST10848,Hamima Adriansyah,088951488172,Palembang,Prepaid,2025-08-05,11,80000,0
CUST10849,"Gasti Prastuti, S.Pt",081329417805,Palembang,Postpaid,2025-06-06,13,92000,0
CUST10850,Indra Situmorang,085633494907,Pekanbaru,Prepaid,2023-06-17,37,83000,1
CUST10851,"Bella Namaga, S.Gz",086325155273,Bandung,Postpaid,2024-03-13,28,54000,0
CUST10852,Warji Halimah,084758029158,Palembang,Prepaid,2026-06-01,1,96000,3
CUST10853,Edison Wasita,086815577559,Balikpapan,Prepaid,2025-10-04,9,155000,1
CUST10854,Pranawa Mansur,088616798620,Surabaya,Postpaid,2026-03-03,4,53000,0
CUST10855,"Ir. Omar Yuliarti, S.Farm",088521053924,Surabaya,Postpaid,2023-04-18,39,82000,1
CUST10856,Kezia Hassanah,088586864618,Surabaya,Postpaid,2026-06-01,1,74000,0
CUST10857,"drg. Keisha Hutapea, M.Pd",081754269463,Malang,Postpaid,2019-10-06,82,123000,0
CUST10858,Martani Tampubolon,084812135066,Pekanbaru,Prepaid,2024-06-11,25,77000,1
CUST10859,Cemani Nasyiah,089318401582,Denpasar,Prepaid,2014-12-31,140,58000,1
CUST10860,Paris Mahendra,083063737727,Pekanbaru,Postpaid,2026-02-01,5,35000,0
CUST10861,"Genta Adriansyah, S.Ked",080849617562,Semarang,Prepaid,2025-08-05,11,26000,0
CUST10862,Malika Wulandari,085558007264,Pekanbaru,Prepaid,2024-01-13,30,137000,0
CUST10863,"Puji Anggraini, M.Pd",083279718739,Malang,Prepaid,2026-02-01,5,124000,1
CUST10864,Yuni Pradana,086180768936,Bandung,Prepaid,2026-06-01,1,109000,0
CUST10865,Jagaraga Situmorang,089512422188,Palembang,Postpaid,2026-06-01,1,112000,1
CUST10866,Enteng Nainggolan,085662883450,Medan,Prepaid,2023-07-17,36,115000,0
CUST10867,"Vanesa Kusumo, S.Gz",084854365104,Surabaya,Postpaid,2026-04-02,3,110000,1
CUST10868,"Ir. Hari Susanti, S.Ked",085151405082,Palembang,Prepaid,2023-11-14,32,67000,3
CUST10869,Danang Hidayat,087089058953,Semarang,Prepaid,2024-10-09,21,66000,2
CUST10870,Legawa Firmansyah,086149203237,Jakarta,Postpaid,2024-07-11,24,81000,1
CUST10871,Rahayu Wulandari,085796820997,Surabaya,Postpaid,2026-02-01,5,36000,0
CUST10872,"Alika Prasasta, S.Gz",089956059200,Jakarta,Prepaid,2026-01-02,6,70000,1
CUST10873,Maida Pradipta,086438900785,Yogyakarta,Postpaid,2026-03-03,4,29000,0
CUST10874,Sutan Perkasa Hakim,085076441489,Palembang,Prepaid,2024-03-13,28,131000,1
CUST10875,Jefri Siregar,081402527875,Makassar,Prepaid,2025-12-03,7,68000,1
CUST10876,Rahman Permata,088011036226,Jakarta,Postpaid,2020-12-29,67,28000,0
CUST10877,Ratih Rahimah,086092788843,Denpasar,Prepaid,2026-02-01,5,129000,1
CUST10878,"Ir. Reza Sinaga, S.H.",082652650976,Makassar,Postpaid,2024-10-09,21,119000,2
CUST10879,Dinda Wijayanti,082192723819,Semarang,Prepaid,2026-03-03,4,36000,0
CUST10880,Sutan Hendri Salahudin,086414023802,Pekanbaru,Prepaid,2024-03-13,28,45000,0
CUST10881,Almira Puspita,084830214035,Balikpapan,Prepaid,2025-12-03,7,10000,0
CUST10882,R. Sari Wastuti,089738272076,Makassar,Prepaid,2022-05-23,50,99000,0
CUST10883,Puti Lailasari,088599295477,Palembang,Prepaid,2024-05-12,26,22000,0
CUST10884,Gangsar Yuniar,089492926297,Semarang,Postpaid,2022-01-23,54,72000,4
CUST10885,"Harjaya Novitasari, S.Psi",085022267036,Semarang,Prepaid,2024-11-08,20,114000,0
CUST10886,"Lidya Wasita, S.E.I",084000365450,Semarang,Postpaid,2026-05-02,2,115000,2
CUST10887,Keisha Nashiruddin,083017281616,Balikpapan,Postpaid,2026-06-01,1,109000,0
CUST10888,"Dr. Jasmani Permadi, S.H.",081068507072,Jakarta,Postpaid,2026-04-02,3,83000,1
CUST10889,Zamira Megantara,086837630452,Semarang,Prepaid,2025-10-04,9,80000,1
CUST10890,"drg. Vinsen Hakim, M.Pd",083846813734,Makassar,Postpaid,2026-06-01,1,110000,1
CUST10891,Lidya Puspita,084961099068,Malang,Prepaid,2022-12-19,43,138000,1
CUST10892,R.M. Harsanto Prasasta,087793561769,Yogyakarta,Postpaid,2024-08-10,23,95000,2
CUST10893,Farhunnisa Sitompul,085554785045,Medan,Postpaid,2025-05-07,14,127000,1
CUST10894,"Bahuwirya Hartati, S.I.Kom",082822273471,Denpasar,Prepaid,2026-01-02,6,113000,1
CUST10895,Kawaca Nainggolan,087833596644,Medan,Prepaid,2025-01-07,18,91000,0
CUST10896,Embuh Waluyo,089296667314,Balikpapan,Postpaid,2015-10-27,130,110000,1
CUST10897,"Lukita Suartini, S.Gz",085678801259,Yogyakarta,Postpaid,2025-05-07,14,120000,1
CUST10898,"Puti Fitriani Rahmawati, M.Pd",081046918993,Pekanbaru,Prepaid,2025-08-05,11,164000,1
CUST10899,Jatmiko Pranowo,082238361709,Palembang,Postpaid,2025-12-03,7,85000,0
CUST10900,"dr. Ilsa Budiman, S.Kom",086747777585,Denpasar,Prepaid,2024-07-11,24,37000,1
CUST10901,Yono Lazuardi,085363455902,Surabaya,Prepaid,2024-05-12,26,100000,1
CUST10902,"Usyi Kuswandari, S.H.",085858433118,Makassar,Prepaid,2026-06-01,1,106000,2
CUST10903,"Rahmi Putra, S.Sos",084283312421,Pekanbaru,Postpaid,2020-03-04,77,138000,0
CUST10904,Kusuma Sinaga,087961287099,Semarang,Postpaid,2025-03-08,16,41000,1
CUST10905,"T. Harjasa Hastuti, M.Pd",087080295758,Yogyakarta,Postpaid,2021-06-27,61,72000,1
CUST10906,"Gatot Samosir, S.T.",087918401269,Semarang,Prepaid,2025-09-04,10,53000,1
CUST10907,Oliva Mandasari,087352657739,Bandung,Postpaid,2022-04-23,51,79000,1
CUST10908,Cinthia Halimah,089738680601,Palembang,Prepaid,2022-08-21,47,78000,1
CUST10909,"Tgk. Vinsen Putra, S.I.Kom",086218721898,Palembang,Postpaid,2023-05-18,38,93000,1
CUST10910,Laras Gunawan,080052142356,Pekanbaru,Postpaid,2022-01-23,54,97000,0
CUST10911,R.A. Ulya Maulana,086132247334,Denpasar,Postpaid,2022-10-20,45,88000,0
CUST10912,Elon Puspasari,081872936143,Bandung,Postpaid,2025-10-04,9,99000,1
CUST10913,Ir. Tantri Agustina,086774844225,Bandung,Prepaid,2025-08-05,11,97000,0
CUST10914,Eva Napitupulu,085364842042,Palembang,Prepaid,2026-02-01,5,78000,0
CUST10915,Ghaliyati Wibowo,083451269636,Malang,Prepaid,2026-05-02,2,23000,0
CUST10916,R.A. Najwa Pudjiastuti,088079756531,Jakarta,Prepaid,2026-04-02,3,83000,0
CUST10917,"Warsa Sirait, S.T.",083721345208,Surabaya,Postpaid,2023-05-18,38,104000,0
CUST10918,"drg. Nyoman Yuniar, M.Kom.",085702066078,Yogyakarta,Prepaid,2025-11-03,8,66000,0
CUST10919,Ella Thamrin,081720077408,Palembang,Prepaid,2025-09-04,10,71000,1
CUST10920,Cahyono Palastri,080538874734,Balikpapan,Postpaid,2026-02-01,5,70000,0
CUST10921,Fitria Namaga,089534242275,Bandung,Prepaid,2022-08-21,47,98000,0
CUST10922,"Yusuf Halim, M.TI.",089797745074,Palembang,Prepaid,2026-05-02,2,10000,1
CUST10923,Salman Hutagalung,081316052950,Denpasar,Postpaid,2026-04-02,3,79000,1
CUST10924,"Hj. Alika Ardianto, S.Farm",088587044780,Palembang,Postpaid,2026-04-02,3,28000,0
CUST10925,Saiful Usamah,085822544924,Pekanbaru,Postpaid,2026-05-02,2,116000,0
CUST10926,Bagas Maryadi,085779401051,Denpasar,Postpaid,2025-11-03,8,38000,1
CUST10927,Darimin Mayasari,088184651840,Medan,Prepaid,2024-05-12,26,10000,2
CUST10928,Kasiyah Halim,089782385126,Bandung,Prepaid,2025-01-07,18,74000,0
CUST10929,Hj. Salwa Susanti,085249978158,Balikpapan,Prepaid,2025-03-08,16,119000,1
CUST10930,Sakura Laksita,084109316530,Jakarta,Prepaid,2025-04-07,15,68000,1
CUST10931,Adiarja Nasyidah,081352692885,Denpasar,Postpaid,2025-10-04,9,126000,0
CUST10932,dr. Adinata Budiyanto,086425601722,Semarang,Prepaid,2023-09-15,34,75000,1
CUST10933,H. Endra Nasyiah,087573752886,Bandung,Postpaid,2024-11-08,20,73000,1
CUST10934,Anita Mardhiyah,081790811838,Denpasar,Postpaid,2024-07-11,24,97000,0
CUST10935,"Hj. Mala Nugroho, S.IP",085463515334,Jakarta,Postpaid,2024-05-12,26,24000,0
CUST10936,Karna Maryadi,083062162144,Semarang,Postpaid,2024-11-08,20,61000,0
CUST10937,Dadi Safitri,086543034672,Pekanbaru,Prepaid,2026-03-03,4,52000,1
CUST10938,T. Rahman Thamrin,083170450303,Yogyakarta,Postpaid,2021-05-28,62,88000,0
CUST10939,Wulan Widodo,089602406269,Semarang,Postpaid,2025-08-05,11,103000,1
CUST10940,Hardi Waskita,089644878008,Jakarta,Prepaid,2026-05-02,2,132000,1
CUST10941,Padmi Prasasta,088148060059,Surabaya,Postpaid,2024-05-12,26,93000,0
CUST10942,"Genta Salahudin, S.Pt",087368819730,Medan,Postpaid,2026-02-01,5,71000,0
CUST10943,"Sidiq Yulianti, S.Gz",084601712106,Malang,Prepaid,2026-06-01,1,107000,2
CUST10944,Halim Wibowo,084689351480,Pekanbaru,Postpaid,2023-10-15,33,79000,0
CUST10945,Puspa Kusmawati,081071597723,Denpasar,Prepaid,2026-05-02,2,38000,0
CUST10946,Makuta Anggriawan,083698773322,Bandung,Postpaid,2021-07-27,60,59000,1
CUST10947,"Ella Hutasoit, M.Kom.",084821924033,Balikpapan,Prepaid,2025-04-07,15,56000,1
CUST10948,"drg. Septi Sitompul, M.Farm",084680835273,Malang,Postpaid,2025-03-08,16,163000,2
CUST10949,"Puti Paris Gunarto, S.H.",082658707240,Malang,Prepaid,2023-01-18,42,29000,0
CUST10950,Umay Purnawati,086115335076,Bandung,Postpaid,2026-06-01,1,61000,0
CUST10951,Humaira Gunawan,084361934108,Jakarta,Postpaid,2024-09-09,22,41000,1
CUST10952,Mahdi Setiawan,085438233639,Denpasar,Postpaid,2025-03-08,16,10000,1
CUST10953,Drs. Maryadi Firmansyah,081425511356,Medan,Postpaid,2026-06-01,1,154000,0
CUST10954,Wisnu Sihotang,089516700713,Yogyakarta,Postpaid,2026-01-02,6,95000,0
CUST10955,Yono Pranowo,084621318471,Palembang,Postpaid,2026-03-03,4,49000,0
CUST10956,R. Umi Widodo,080105324342,Yogyakarta,Prepaid,2023-05-18,38,142000,0
CUST10957,Eja Marpaung,081717887430,Bandung,Prepaid,2023-08-16,35,60000,0
CUST10958,R.A. Qori Wibisono,080812350530,Denpasar,Postpaid,2024-04-12,27,115000,0
CUST10959,"Usman Namaga, S.Psi",084030311364,Medan,Postpaid,2026-06-01,1,90000,0
CUST10960,Usyi Mandala,081351837648,Semarang,Prepaid,2023-01-18,42,146000,0
CUST10961,"H. Nyoman Hutapea, M.TI.",081560664047,Surabaya,Prepaid,2025-09-04,10,91000,0
CUST10962,"Jelita Habibi, S.IP",088957789114,Bandung,Postpaid,2020-02-03,78,105000,0
CUST10963,Gina Hutagalung,081395187402,Palembang,Prepaid,2024-09-09,22,93000,1
CUST10964,Rahmi Susanti,084053467022,Bandung,Prepaid,2022-10-20,45,49000,0
CUST10965,drg. Vicky Simbolon,084201753151,Palembang,Prepaid,2020-01-04,79,123000,0
CUST10966,Mahesa Saputra,084296288754,Surabaya,Prepaid,2024-01-13,30,120000,1
CUST10967,"drg. Joko Pradana, S.I.Kom",083196839097,Bandung,Prepaid,2025-10-04,9,144000,0
CUST10968,dr. Ian Nashiruddin,080926884112,Palembang,Prepaid,2025-05-07,14,52000,2
CUST10969,"Lanang Wijayanti, S.Sos",085827347477,Semarang,Postpaid,2025-08-05,11,35000,1
CUST10970,Prasetyo Safitri,086696240412,Semarang,Postpaid,2026-05-02,2,98000,0
CUST10971,Wirda Prayoga,080272676445,Balikpapan,Prepaid,2019-10-06,82,39000,0
CUST10972,"Belinda Hutasoit, S.T.",084533818451,Yogyakarta,Prepaid,2025-03-08,16,78000,1
CUST10973,Harjasa Usada,084650490753,Palembang,Prepaid,2023-10-15,33,20000,1
CUST10974,Okta Wibisono,086061349095,Makassar,Prepaid,2023-03-19,40,47000,0
CUST10975,Karen Kurniawan,083539132128,Denpasar,Postpaid,2022-04-23,51,155000,2
CUST10976,Adhiarja Samosir,085329276666,Pekanbaru,Prepaid,2024-03-13,28,52000,0
CUST10977,Karen Saputra,085524729184,Malang,Prepaid,2025-09-04,10,61000,0
CUST10978,Cahyadi Irawan,088766054410,Jakarta,Postpaid,2023-01-18,42,99000,0
CUST10979,Irfan Hassanah,086505406166,Medan,Postpaid,2025-11-03,8,62000,0
CUST10980,Dr. Kambali Wasita,087865881381,Makassar,Prepaid,2025-11-03,8,30000,0
CUST10981,Akarsana Irawan,083282426979,Pekanbaru,Postpaid,2026-05-02,2,164000,0
CUST10982,Puspa Iswahyudi,088889270764,Yogyakarta,Prepaid,2021-12-24,55,136000,2
CUST10983,Ir. Violet Simbolon,088042717650,Yogyakarta,Prepaid,2024-11-08,20,51000,2
CUST10984,"drg. Amalia Siregar, S.Farm",082387375641,Denpasar,Prepaid,2025-10-04,9,80000,1
CUST10985,Victoria Hutasoit,087577361242,Surabaya,Prepaid,2026-04-02,3,89000,1
CUST10986,"Putri Prasasta, M.Farm",084777363422,Makassar,Prepaid,2026-06-01,1,146000,0
CUST10987,R.M. Mahdi Wibowo,081223329164,Jakarta,Postpaid,2024-06-11,25,109000,0
CUST10988,Cahyono Santoso,081816822851,Denpasar,Prepaid,2026-05-02,2,95000,0
CUST10989,Hasna Lailasari,083585499655,Jakarta,Prepaid,2021-01-28,66,35000,2
CUST10990,Atma Marbun,083968443602,Yogyakarta,Prepaid,2019-09-06,83,10000,0
CUST10991,Ika Andriani,081671145607,Medan,Postpaid,2026-06-01,1,51000,1
CUST10992,Novi Hutagalung,087306952985,Yogyakarta,Postpaid,2026-01-02,6,28000,1
CUST10993,Hafshah Prayoga,084527198271,Bandung,Prepaid,2023-02-17,41,111000,1
CUST10994,"Sari Lailasari, M.Ak",085018095025,Balikpapan,Prepaid,2025-09-04,10,131000,0
CUST10995,R.A. Michelle Kurniawan,084573611015,Balikpapan,Prepaid,2026-02-01,5,64000,0
CUST10996,Gadang Ardianto,084558187186,Medan,Postpaid,2025-04-07,15,134000,0
CUST10997,Juli Safitri,082426342625,Denpasar,Prepaid,2025-08-05,11,82000,2
CUST10998,Wani Sitompul,086561710854,Makassar,Prepaid,2025-05-07,14,101000,0
CUST10999,Juli Astuti,087608368112,Surabaya,Prepaid,2021-02-27,65,78000,1
CUST11000,"Hj. Rina Mansur, S.Pd",083746926313,Semarang,Postpaid,2026-06-01,1,10000,0
CUST11001,Rahmi Pangestu,086199677294,Surabaya,Postpaid,2024-06-11,25,59000,1
CUST11002,Iriana Nugroho,081337443474,Semarang,Prepaid,2024-01-13,30,80000,0
CUST11003,Jamalia Siregar,086142826280,Palembang,Prepaid,2024-09-09,22,57000,2
CUST11004,"Talia Usada, M.Kom.",083512581234,Palembang,Prepaid,2025-09-04,10,10000,2
CUST11005,R.A. Jane Waluyo,084906694263,Pekanbaru,Postpaid,2025-08-05,11,131000,0
CUST11006,Yuliana Wijaya,086239117374,Bandung,Prepaid,2026-05-02,2,42000,1
CUST11007,Calista Pratiwi,085554356586,Surabaya,Postpaid,2026-06-01,1,14000,0
CUST11008,Lega Palastri,088679377232,Surabaya,Prepaid,2026-03-03,4,98000,0
CUST11009,Mahmud Pudjiastuti,081926916487,Makassar,Prepaid,2025-06-06,13,72000,0
CUST11010,Wawan Hariyah,089504057745,Yogyakarta,Prepaid,2022-05-23,50,24000,0
CUST11011,"Fathonah Farida, S.Pd",087597578096,Malang,Prepaid,2023-12-14,31,98000,1
CUST11012,"Puti Yuliana Wasita, M.Kom.",087424876063,Medan,Prepaid,2022-03-24,52,140000,0
CUST11013,Mahesa Sihombing,088426303185,Yogyakarta,Prepaid,2023-10-15,33,142000,0
CUST11014,Dono Wahyuni,084675388172,Makassar,Postpaid,2024-04-12,27,150000,1
CUST11015,Nasrullah Anggraini,080687593322,Surabaya,Prepaid,2023-01-18,42,65000,0
CUST11016,"dr. Bagya Hassanah, M.Ak",084292318483,Semarang,Postpaid,2022-11-19,44,10000,1
CUST11017,Restu Wacana,083432380197,Denpasar,Postpaid,2022-11-19,44,40000,0
CUST11018,Dr. Virman Andriani,087146731973,Bandung,Postpaid,2025-02-06,17,112000,0
CUST11019,Dt. Paiman Tarihoran,081408483984,Semarang,Postpaid,2026-06-01,1,14000,0
CUST11020,"Yessi Nasyiah, M.Ak",082768809780,Malang,Prepaid,2026-06-01,1,145000,0
CUST11021,"Vinsen Hutasoit, S.IP",085116708863,Medan,Postpaid,2024-05-12,26,57000,2
CUST11022,"Sutan Maryadi Widiastuti, S.I.Kom",084151863970,Palembang,Postpaid,2023-07-17,36,88000,1
CUST11023,Marsudi Suryatmi,084386000471,Medan,Prepaid,2026-04-02,3,72000,1
CUST11024,Kardi Yuliarti,085771132409,Palembang,Prepaid,2024-08-10,23,56000,0
CUST11025,"Marsudi Wacana, S.Psi",088516634916,Denpasar,Prepaid,2025-07-06,12,44000,0
CUST11026,"dr. Balamantri Anggriawan, S.IP",086048515816,Makassar,Postpaid,2026-03-03,4,145000,1
CUST11027,Gawati Melani,087262273745,Pekanbaru,Prepaid,2025-08-05,11,66000,0
CUST11028,"Padma Puspita, M.Farm",089283317877,Yogyakarta,Postpaid,2026-06-01,1,127000,0
CUST11029,"Ratih Prasetya, M.M.",087906823048,Malang,Prepaid,2026-01-02,6,151000,0
CUST11030,Kania Hariyah,084942476539,Medan,Postpaid,2022-12-19,43,105000,1
CUST11031,"Ir. Lanjar Mardhiyah, S.E.I",083874087274,Surabaya,Prepaid,2026-06-01,1,71000,0
CUST11032,Aisyah Laksmiwati,081241528349,Jakarta,Postpaid,2024-11-08,20,71000,1
CUST11033,Ega Agustina,081885167175,Bandung,Postpaid,2023-06-17,37,82000,0
CUST11034,Bambang Megantara,088583295311,Surabaya,Postpaid,2026-06-01,1,16000,1
CUST11035,Ira Siregar,082975942094,Malang,Postpaid,2025-12-03,7,145000,1
CUST11036,Violet Putra,089841902539,Palembang,Postpaid,2021-11-24,56,119000,0
CUST11037,drg. Gantar Kusmawati,089041878927,Balikpapan,Postpaid,2025-06-06,13,10000,2
CUST11038,Ismail Hartati,083180928179,Malang,Prepaid,2026-01-02,6,81000,0
CUST11039,Betania Salahudin,084670131646,Surabaya,Postpaid,2022-06-22,49,49000,0
CUST11040,Rusman Latupono,085618778908,Semarang,Prepaid,2026-02-01,5,10000,0
CUST11041,Samsul Siregar,086417842507,Semarang,Prepaid,2025-07-06,12,70000,0
CUST11042,"Balangga Wastuti, S.E.",082847401787,Balikpapan,Prepaid,2026-03-03,4,138000,1
CUST11043,"Hesti Maryati, S.E.",083623074524,Semarang,Postpaid,2026-04-02,3,98000,0
CUST11044,R.M. Gamblang Purwanti,089846568601,Semarang,Prepaid,2025-09-04,10,153000,0
CUST11045,Malika Pradipta,085173694373,Malang,Prepaid,2026-06-01,1,50000,0
CUST11046,"dr. Lasmono Nashiruddin, S.E.",085598676050,Denpasar,Prepaid,2024-03-13,28,106000,0
CUST11047,"Maryadi Astuti, S.Sos",082404836392,Makassar,Prepaid,2022-03-24,52,39000,1
CUST11048,Okto Susanti,084927275343,Jakarta,Prepaid,2026-01-02,6,26000,2
CUST11049,Ihsan Rahayu,088367828176,Surabaya,Prepaid,2023-02-17,41,65000,0
CUST11050,Kayla Ardianto,084132738879,Makassar,Postpaid,2026-03-03,4,54000,1
CUST11051,"Gabriella Putra, S.T.",081597575361,Makassar,Prepaid,2026-05-02,2,138000,1
CUST11052,"H. Rusman Haryanto, M.Farm",089681331387,Bandung,Postpaid,2017-09-16,107,121000,1
CUST11053,Raharja Nasyiah,085094056248,Semarang,Postpaid,2025-04-07,15,158000,1
CUST11054,Ghani Simbolon,088481298445,Medan,Postpaid,2025-06-06,13,114000,1
CUST11055,Jagapati Latupono,084856897798,Balikpapan,Postpaid,2021-02-27,65,10000,2
CUST11056,Salsabila Lestari,083993391892,Semarang,Prepaid,2023-07-17,36,112000,0
CUST11057,Ir. Galar Riyanti,081975438677,Yogyakarta,Postpaid,2022-07-22,48,56000,0
CUST11058,Rahmi Wijaya,088228445090,Malang,Postpaid,2026-04-02,3,67000,1
CUST11059,Puti Kamaria Thamrin,086847039228,Denpasar,Postpaid,2024-09-09,22,121000,1
CUST11060,"Dr. Raina Natsir, S.Pd",084799245635,Jakarta,Postpaid,2025-06-06,13,122000,0
CUST11061,Ir. Chelsea Wulandari,081563067319,Yogyakarta,Prepaid,2024-03-13,28,54000,0
CUST11062,Galar Lazuardi,085772671164,Balikpapan,Prepaid,2024-08-10,23,53000,0
CUST11063,Gaduh Latupono,080959346130,Bandung,Prepaid,2026-04-02,3,113000,1
CUST11064,Hardi Megantara,087841429637,Makassar,Postpaid,2026-06-01,1,51000,0
CUST11065,dr. Hari Riyanti,080690319503,Yogyakarta,Prepaid,2021-04-28,63,135000,0
CUST11066,Kamal Winarno,085891612389,Jakarta,Postpaid,2025-04-07,15,42000,0
CUST11067,Fitria Laksita,085878118005,Balikpapan,Prepaid,2026-03-03,4,161000,0
CUST11068,"Kawaya Yuliarti, S.E.",089165101163,Bandung,Prepaid,2024-05-12,26,92000,1
CUST11069,R.M. Jindra Suwarno,088796021947,Denpasar,Postpaid,2026-06-01,1,123000,0
CUST11070,Cengkir Sihotang,080948675806,Jakarta,Prepaid,2024-09-09,22,110000,0
CUST11071,"Dr. Raina Habibi, S.I.Kom",085535234194,Yogyakarta,Postpaid,2026-04-02,3,75000,1
CUST11072,Jayeng Mansur,080015639776,Palembang,Prepaid,2025-02-06,17,109000,1
CUST11073,Rahman Winarno,081087513009,Yogyakarta,Prepaid,2024-04-12,27,97000,1
CUST11074,Dr. Martani Lailasari,083586458560,Palembang,Postpaid,2026-06-01,1,50000,1
CUST11075,Silvia Lestari,084123745603,Medan,Prepaid,2024-10-09,21,57000,0
CUST11076,Titin Handayani,089028899838,Pekanbaru,Prepaid,2023-12-14,31,132000,1
CUST11077,Eli Hutasoit,081268458628,Jakarta,Postpaid,2026-04-02,3,35000,0
CUST11078,Cut Wulan Prasetya,084083817206,Pekanbaru,Prepaid,2023-01-18,42,94000,0
CUST11079,Ami Saefullah,081601170517,Jakarta,Prepaid,2025-07-06,12,111000,2
CUST11080,Kawaya Suwarno,082282738208,Malang,Prepaid,2026-06-01,1,48000,0
CUST11081,Purwadi Haryanti,085041030604,Medan,Postpaid,2026-06-01,1,139000,0
CUST11082,Dr. Pia Melani,087476597700,Makassar,Prepaid,2022-10-20,45,88000,0
CUST11083,Kemal Latupono,088214903952,Surabaya,Prepaid,2026-05-02,2,107000,1
CUST11084,Vicky Palastri,083704862153,Malang,Postpaid,2024-09-09,22,29000,0
CUST11085,"dr. Puput Gunarto, M.M.",084561931123,Bandung,Prepaid,2025-10-04,9,61000,0
CUST11086,Sutan Irwan Jailani,088712650699,Balikpapan,Prepaid,2026-03-03,4,84000,0
CUST11087,"Yance Yolanda, S.H.",082647663949,Malang,Prepaid,2022-06-22,49,96000,2
CUST11088,Ami Hartati,085316199830,Surabaya,Prepaid,2025-10-04,9,52000,1
CUST11089,Kamaria Irawan,080488916248,Semarang,Postpaid,2025-10-04,9,20000,0
CUST11090,Zelaya Lazuardi,084333372211,Denpasar,Prepaid,2024-07-11,24,94000,1
CUST11091,"KH. Dasa Pranowo, M.Farm",083487333454,Pekanbaru,Postpaid,2023-10-15,33,44000,1
CUST11092,"Kamaria Suryatmi, S.Farm",080251351463,Balikpapan,Prepaid,2023-12-14,31,38000,0
CUST11093,Latif Mandala,082751471448,Malang,Postpaid,2025-11-03,8,103000,0
CUST11094,"Sutan Rahmat Putra, S.Gz",083967867008,Surabaya,Prepaid,2024-08-10,23,71000,0
CUST11095,dr. Patricia Setiawan,088392128395,Jakarta,Prepaid,2020-01-04,79,102000,0
CUST11096,Drs. Ella Sinaga,083138181194,Denpasar,Prepaid,2025-04-07,15,130000,0
CUST11097,"Icha Siregar, M.Farm",086628219900,Yogyakarta,Postpaid,2026-06-01,1,178000,0
CUST11098,Zamira Mulyani,083106895189,Palembang,Prepaid,2024-10-09,21,23000,1
CUST11099,"Rahman Kuswoyo, S.E.I",083303166919,Malang,Postpaid,2026-06-01,1,95000,0
CUST11100,"KH. Hendra Halim, S.T.",089379067084,Malang,Postpaid,2024-03-13,28,51000,2
CUST11101,"Hj. Dian Mustofa, S.H.",088125949023,Surabaya,Prepaid,2024-11-08,20,42000,1
CUST11102,Narji Sinaga,083296630890,Denpasar,Prepaid,2024-07-11,24,30000,1
CUST11103,"R.A. Vanya Wastuti, S.Sos",083143623359,Balikpapan,Prepaid,2025-09-04,10,79000,1
CUST11104,Dinda Permata,087132120468,Palembang,Prepaid,2025-10-04,9,44000,1
CUST11105,"Embuh Utami, S.Farm",088017210520,Makassar,Postpaid,2023-10-15,33,134000,0
CUST11106,Mila Hutagalung,087739059963,Bandung,Prepaid,2025-07-06,12,94000,1
CUST11107,"Putu Iswahyudi, S.Sos",086019917046,Malang,Prepaid,2026-06-01,1,46000,0
CUST11108,H. Estiawan Uwais,087361874747,Medan,Prepaid,2025-03-08,16,103000,1
CUST11109,Nova Simbolon,084509285117,Balikpapan,Prepaid,2025-09-04,10,46000,0
CUST11110,Cut Vicky Iswahyudi,088723824622,Medan,Postpaid,2026-05-02,2,76000,0
CUST11111,"Michelle Usada, S.I.Kom",085692700376,Makassar,Postpaid,2024-06-11,25,123000,0
CUST11112,"Puti Wulan Nasyidah, S.Sos",086849637966,Palembang,Prepaid,2024-06-11,25,92000,1
CUST11113,Ikhsan Prabowo,082847447391,Bandung,Postpaid,2025-04-07,15,105000,1
CUST11114,Hasna Sinaga,080344989484,Balikpapan,Postpaid,2025-07-06,12,52000,0
CUST11115,"Tgk. Jessica Pudjiastuti, M.Farm",084013963076,Surabaya,Prepaid,2026-03-03,4,71000,1
CUST11116,Karya Laksita,085103130339,Surabaya,Postpaid,2026-06-01,1,172000,1
CUST11117,"Tgk. Tugiman Zulaika, S.Gz",082474919090,Yogyakarta,Prepaid,2025-09-04,10,133000,1
CUST11118,Baktiadi Utami,086154249633,Makassar,Prepaid,2026-06-01,1,119000,0
CUST11119,"drg. Agus Maheswara, S.E.",086553361540,Balikpapan,Prepaid,2025-11-03,8,91000,0
CUST11120,Mutia Adriansyah,082969969423,Makassar,Prepaid,2026-04-02,3,164000,0
CUST11121,Farah Mustofa,089975976825,Makassar,Postpaid,2020-12-29,67,30000,1
CUST11122,"Gada Manullang, S.T.",085076046892,Jakarta,Prepaid,2023-01-18,42,83000,1
CUST11123,Marwata Tarihoran,087721802638,Denpasar,Prepaid,2023-07-17,36,52000,0
CUST11124,Chelsea Wahyudin,081239658695,Denpasar,Postpaid,2020-12-29,67,102000,1
CUST11125,"Unggul Yulianti, S.E.",087717274802,Bandung,Prepaid,2024-05-12,26,10000,0
CUST11126,Harto Utami,080670491655,Surabaya,Prepaid,2023-04-18,39,61000,0
CUST11127,Tari Pradipta,089416253003,Makassar,Prepaid,2025-06-06,13,119000,1
CUST11128,Safina Iswahyudi,081830431676,Denpasar,Prepaid,2026-06-01,1,119000,0
CUST11129,"Cinta Adriansyah, S.Kom",087057749111,Makassar,Postpaid,2026-02-01,5,93000,0
CUST11130,Citra Mustofa,080330304047,Pekanbaru,Postpaid,2026-06-01,1,102000,1
CUST11131,R.A. Padma Zulaika,085021782060,Pekanbaru,Postpaid,2023-05-18,38,102000,1
CUST11132,Ajeng Anggriawan,084079913363,Malang,Postpaid,2024-08-10,23,104000,0
CUST11133,"Jasmin Lazuardi, S.Farm",084665052507,Yogyakarta,Prepaid,2020-04-03,76,139000,0
CUST11134,"Diah Kuswandari, S.Pt",085831066233,Balikpapan,Prepaid,2024-09-09,22,108000,1
CUST11135,Harjo Irawan,082183644967,Medan,Postpaid,2026-06-01,1,34000,1
CUST11136,"Yani Jailani, S.IP",081319277262,Medan,Postpaid,2025-02-06,17,113000,0
CUST11137,Kartika Salahudin,083065825321,Balikpapan,Prepaid,2025-06-06,13,39000,0
CUST11138,Harjaya Mansur,084774379457,Makassar,Postpaid,2026-03-03,4,66000,0
CUST11139,"Murti Megantara, S.Pt",080100002047,Malang,Postpaid,2025-07-06,12,35000,0
CUST11140,Drs. Adika Suryatmi,080214804078,Surabaya,Prepaid,2025-04-07,15,129000,0
CUST11141,"Catur Farida, S.I.Kom",082988297609,Semarang,Postpaid,2025-03-08,16,70000,0
CUST11142,"Gabriella Utami, S.E.I",080028552747,Denpasar,Postpaid,2026-06-01,1,153000,1
CUST11143,Raisa Handayani,080604849500,Surabaya,Postpaid,2020-03-04,77,161000,0
CUST11144,"R.A. Clara Januar, S.E.I",087226916890,Semarang,Prepaid,2026-05-02,2,169000,0
CUST11145,"R. Lanjar Winarno, S.I.Kom",085777720385,Balikpapan,Prepaid,2020-09-30,70,109000,1
CUST11146,Iriana Mandala,087536453971,Makassar,Prepaid,2026-06-01,1,81000,0
CUST11147,Enteng Yuliarti,086490219645,Malang,Prepaid,2025-02-06,17,82000,0
CUST11148,Drajat Puspasari,088399136785,Malang,Postpaid,2025-09-04,10,124000,0
CUST11149,Ir. Tantri Sudiati,080415010961,Medan,Prepaid,2026-06-01,1,10000,1
CUST11150,Victoria Dongoran,084383958234,Medan,Prepaid,2025-07-06,12,10000,0
CUST11151,"Hj. Ilsa Putra, M.TI.",086488107511,Bandung,Postpaid,2025-10-04,9,72000,0
CUST11152,Drs. Fitriani Wijaya,082485080011,Bandung,Prepaid,2026-05-02,2,89000,1
CUST11153,Septi Habibi,080419605333,Malang,Prepaid,2025-08-05,11,105000,0
CUST11154,"KH. Xanana Permadi, M.Kom.",089656943247,Balikpapan,Postpaid,2026-05-02,2,105000,1
CUST11155,Carla Permadi,084589693970,Yogyakarta,Prepaid,2025-04-07,15,64000,1
CUST11156,Suci Riyanti,080286033643,Semarang,Postpaid,2025-12-03,7,132000,1
CUST11157,Karsana Budiman,082401879454,Yogyakarta,Prepaid,2022-06-22,49,60000,1
CUST11158,Jamalia Mustofa,083960564921,Pekanbaru,Postpaid,2025-07-06,12,98000,0
CUST11159,Zelda Purnawati,083118140789,Semarang,Postpaid,2023-05-18,38,83000,0
CUST11160,Karimah Palastri,083285478911,Palembang,Prepaid,2023-12-14,31,153000,3
CUST11161,"Cawuk Halimah, S.Pt",085436056614,Surabaya,Postpaid,2024-03-13,28,15000,0
CUST11162,Langgeng Hidayat,085402934998,Semarang,Prepaid,2025-07-06,12,10000,0
CUST11163,Eluh Pratama,081564932071,Bandung,Prepaid,2015-05-30,135,129000,0
CUST11164,Virman Halim,085211700716,Palembang,Prepaid,2024-04-12,27,45000,0
CUST11165,"dr. Jono Suwarno, M.TI.",080819881440,Balikpapan,Postpaid,2020-08-31,71,74000,3
CUST11166,"dr. Indra Wacana, S.Pt",086581158059,Palembang,Postpaid,2025-09-04,10,77000,0
CUST11167,"Kawaca Nasyiah, M.Ak",082783220487,Balikpapan,Postpaid,2025-09-04,10,168000,1
CUST11168,Estiawan Hutasoit,086936871678,Jakarta,Postpaid,2026-03-03,4,188000,1
CUST11169,Cindy Melani,082540545777,Malang,Postpaid,2023-11-14,32,31000,0
CUST11170,Respati Mangunsong,082269386984,Jakarta,Prepaid,2025-09-04,10,98000,0
CUST11171,Tgk. Hartaka Rahmawati,087855657136,Denpasar,Prepaid,2024-03-13,28,143000,1
CUST11172,"Prabowo Yulianti, S.Pt",085622225399,Makassar,Postpaid,2023-12-14,31,75000,0
CUST11173,Tami Fujiati,083385424678,Balikpapan,Postpaid,2025-12-03,7,183000,0
CUST11174,"Zulfa Permadi, S.Gz",081675245172,Surabaya,Prepaid,2024-10-09,21,11000,0
CUST11175,Bakianto Fujiati,085638833794,Medan,Postpaid,2025-03-08,16,90000,0
CUST11176,Jaeman Suryatmi,082013530824,Makassar,Postpaid,2023-12-14,31,88000,1
CUST11177,Cut Ira Widiastuti,088542964143,Yogyakarta,Postpaid,2025-04-07,15,71000,0
CUST11178,"Sakura Natsir, S.IP",081790015107,Surabaya,Postpaid,2024-08-10,23,10000,0
CUST11179,Nugraha Mandala,080601972226,Palembang,Postpaid,2022-01-23,54,133000,0
CUST11180,"Ajeng Marpaung, M.Kom.",083205719350,Semarang,Postpaid,2026-06-01,1,94000,1
CUST11181,Putri Maryati,085698124268,Surabaya,Prepaid,2023-04-18,39,128000,0
CUST11182,"H. Eka Marbun, S.I.Kom",081235532107,Medan,Prepaid,2023-10-15,33,91000,0
CUST11183,Pangestu Santoso,087363528475,Denpasar,Postpaid,2025-12-03,7,118000,0
CUST11184,"Devi Dabukke, S.Psi",084686376637,Makassar,Prepaid,2026-01-02,6,106000,1
CUST11185,"dr. Empluk Novitasari, S.Pt",083422264092,Medan,Postpaid,2024-09-09,22,12000,0
CUST11186,Tania Permata,084833347902,Pekanbaru,Prepaid,2026-05-02,2,88000,0
CUST11187,"Bahuwarna Mandasari, M.M.",083941865889,Medan,Prepaid,2025-12-03,7,33000,0
CUST11188,Tgk. Asman Mandasari,087090600942,Makassar,Prepaid,2023-03-19,40,128000,1
CUST11189,"Ir. Eli Uwais, S.E.",088141086578,Palembang,Prepaid,2026-03-03,4,109000,1
CUST11190,Vera Jailani,082441096072,Pekanbaru,Postpaid,2024-12-08,19,135000,3
CUST11191,Hj. Tari Latupono,081477192087,Surabaya,Postpaid,2022-05-23,50,131000,0
CUST11192,Opung Melani,085831482637,Yogyakarta,Prepaid,2026-01-02,6,74000,0
CUST11193,Artawan Budiman,084771609125,Denpasar,Postpaid,2026-04-02,3,103000,1
CUST11194,Arsipatra Halimah,085784657584,Denpasar,Prepaid,2024-05-12,26,116000,1
CUST11195,Kiandra Maryadi,089181009819,Semarang,Postpaid,2025-07-06,12,53000,0
CUST11196,Wadi Firgantoro,082047277457,Palembang,Prepaid,2019-02-08,90,107000,0
CUST11197,KH. Vino Yolanda,083199237321,Surabaya,Prepaid,2023-07-17,36,93000,1
CUST11198,Genta Sinaga,089892043645,Jakarta,Postpaid,2019-12-05,80,46000,1
CUST11199,Hamzah Simanjuntak,085098033501,Makassar,Postpaid,2024-11-08,20,74000,0
